name,team,pass_cmp,pass_att,pass_yds,pass_td,pass_int,pass_sacked,pass_sacked_yds,pass_long,pass_rating,rush_att,rush_yds,rush_td,rush_long,targets,rec,rec_yds,rec_td,rec_long,fumbles,fumbles_lost,opp,home,score,opp_score,winner,spread,total,week,pos,fpts
Joshua Dobbs,ARI,21,30,132,0,0,3,18,31,78.7,3,-3,0,1,0,0,0,0,0,3,2,WAS,0,16,20,0,-4,36,1,QB,2.9800000000000004
James Conner,ARI,0,0,0,0,0,0,0,0,0.0,14,62,0,12,5,5,8,0,11,0,0,WAS,0,16,20,0,-4,36,1,RB,12.0
Marquise Brown,ARI,0,0,0,0,0,0,0,0,0.0,1,29,0,29,5,3,28,0,11,0,0,WAS,0,16,20,0,-4,36,1,WR,8.700000000000001
Rondale Moore,ARI,0,0,0,0,0,0,0,0,0.0,2,12,0,8,3,3,33,0,31,0,0,WAS,0,16,20,0,-4,36,1,WR,7.5
Trey McBride,ARI,0,0,0,0,0,0,0,0,0.0,0,0,0,0,2,2,23,0,13,0,0,WAS,0,16,20,0,-4,36,1,TE,4.300000000000001
Zach Ertz,ARI,0,0,0,0,0,0,0,0,0.0,0,0,0,0,10,6,21,0,6,0,0,WAS,0,16,20,0,-4,36,1,TE,8.1
Michael Wilson,ARI,0,0,0,0,0,0,0,0,0.0,0,0,0,0,4,2,19,0,15,0,0,WAS,0,16,20,0,-4,36,1,WR,3.9
Zach Pascal,ARI,0,0,0,0,0,0,0,0,0.0,0,0,0,0,1,0,0,0,0,0,0,WAS,0,16,20,0,-4,36,1,WR,0.0
Keaontay Ingram,ARI,0,0,0,0,0,0,0,0,0.0,5,-4,0,6,0,0,0,0,0,0,0,WAS,0,16,20,0,-4,36,1,RB,-0.4
Sam Howell,WAS,19,31,202,1,1,6,46,32,77.6,2,11,1,6,0,0,0,0,0,1,1,ARI,1,20,16,1,4,36,1,QB,17.18
Brian Robinson,WAS,0,0,0,0,0,0,0,0,0.0,19,59,0,7,2,1,7,1,7,0,0,ARI,1,20,16,1,4,36,1,RB,13.6
Antonio Gibson,WAS,0,0,0,0,0,0,0,0,0.0,3,9,0,3,1,1,10,0,10,1,1,ARI,1,20,16,1,4,36,1,RB,1.9
Chris Rodriguez,WAS,0,0,0,0,0,0,0,0,0.0,3,7,0,3,0,0,0,0,0,0,0,ARI,1,20,16,1,4,36,1,RB,0.7000000000000001
Curtis Samuel,WAS,0,0,0,0,0,0,0,0,0.0,1,6,0,6,5,5,54,0,32,0,0,ARI,1,20,16,1,4,36,1,WR,11.0
Logan Thomas,WAS,0,0,0,0,0,0,0,0,0.0,0,0,0,0,8,4,43,0,19,0,0,ARI,1,20,16,1,4,36,1,TE,8.3
Jahan Dotson,WAS,0,0,0,0,0,0,0,0,0.0,0,0,0,0,7,5,40,0,14,0,0,ARI,1,20,16,1,4,36,1,WR,9.0
Terry McLaurin,WAS,0,0,0,0,0,0,0,0,0.0,0,0,0,0,4,2,31,0,19,0,0,ARI,1,20,16,1,4,36,1,WR,5.1
Cole Turner,WAS,0,0,0,0,0,0,0,0,0.0,0,0,0,0,2,1,17,0,17,0,0,ARI,1,20,16,1,4,36,1,TE,2.7
Jimmy Garoppolo,LV,20,26,200,2,1,0,0,21,107.9,9,11,0,8,0,0,0,0,0,1,0,DEN,0,17,16,1,1,33,1,QB,16.1
Josh Jacobs,LV,0,0,0,0,0,0,0,0,0.0,19,48,0,7,3,2,23,0,19,0,0,DEN,0,17,16,1,1,33,1,RB,9.1
Zamir White,LV,0,0,0,0,0,0,0,0,0.0,1,2,0,2,1,1,5,0,5,0,0,DEN,0,17,16,1,1,33,1,RB,1.7
Jakobi Meyers,LV,0,0,0,0,0,0,0,0,0.0,0,0,0,0,10,9,81,2,21,0,0,DEN,0,17,16,1,1,33,1,WR,29.1
Davante Adams,LV,0,0,0,0,0,0,0,0,0.0,0,0,0,0,9,6,66,0,18,0,0,DEN,0,17,16,1,1,33,1,WR,12.6
Austin Hooper,LV,0,0,0,0,0,0,0,0,0.0,0,0,0,0,1,1,20,0,20,0,0,DEN,0,17,16,1,1,33,1,TE,3.0
DeAndre Carter,LV,0,0,0,0,0,0,0,0,0.0,0,0,0,0,1,1,5,0,5,0,0,DEN,0,17,16,1,1,33,1,WR,1.5
Ameer Abdullah,LV,0,0,0,0,0,0,0,0,0.0,0,0,0,0,1,0,0,0,0,0,0,DEN,0,17,16,1,1,33,1,RB,0.0
Russell Wilson,DEN,27,34,177,2,0,2,11,21,108.0,1,1,0,1,0,0,0,0,0,0,0,LV,1,16,17,0,-1,33,1,QB,15.18
Javonte Williams,DEN,0,0,0,0,0,0,0,0,0.0,13,52,0,11,6,4,5,0,7,0,0,LV,1,16,17,0,-1,33,1,RB,9.7
Samaje Perine,DEN,0,0,0,0,0,0,0,0,0.0,8,41,0,12,4,4,37,0,20,0,0,LV,1,16,17,0,-1,33,1,RB,11.8
Adam Trautman,DEN,0,0,0,0,0,0,0,0,0.0,0,0,0,0,5,5,34,0,15,0,0,LV,1,16,17,0,-1,33,1,TE,8.4
Courtland Sutton,DEN,0,0,0,0,0,0,0,0,0.0,0,0,0,0,5,4,32,1,15,0,0,LV,1,16,17,0,-1,33,1,WR,13.2
Brandon Johnson,DEN,0,0,0,0,0,0,0,0,0.0,0,0,0,0,3,2,31,0,21,0,0,LV,1,16,17,0,-1,33,1,WR,5.1
Greg Dulcich,DEN,0,0,0,0,0,0,0,0,0.0,0,0,0,0,2,2,22,0,13,0,0,LV,1,16,17,0,-1,33,1,TE,4.2
Lil'Jordan Humphrey,DEN,0,0,0,0,0,0,0,0,0.0,0,0,0,0,2,2,11,1,6,0,0,LV,1,16,17,0,-1,33,1,WR,9.1
Marvin Mims,DEN,0,0,0,0,0,0,0,0,0.0,0,0,0,0,2,2,9,0,5,0,0,LV,1,16,17,0,-1,33,1,WR,2.9
Michael Burton,DEN,0,0,0,0,0,0,0,0,0.0,0,0,0,0,1,1,3,0,3,0,0,LV,1,16,17,0,-1,33,1,RB,1.3
Phillip Dorsett,DEN,0,0,0,0,0,0,0,0,0.0,0,0,0,0,1,0,0,0,0,0,0,LV,1,16,17,0,-1,33,1,WR,0.0
Jaleel McLaughlin,DEN,0,0,0,0,0,0,0,0,0.0,0,0,0,0,1,1,-7,0,-7,0,0,LV,1,16,17,0,-1,33,1,RB,0.2999999999999999
Josh Allen,BUF,29,41,236,1,3,5,19,26,62.7,6,36,0,14,0,0,0,0,0,2,1,NYJ,0,16,22,0,-6,38,1,QB,13.04
James Cook,BUF,0,0,0,0,0,0,0,0,0.0,12,46,0,13,6,4,17,0,6,0,0,NYJ,0,16,22,0,-6,38,1,RB,10.3
Latavius Murray,BUF,0,0,0,0,0,0,0,0,0.0,2,8,0,6,2,1,9,0,9,0,0,NYJ,0,16,22,0,-6,38,1,RB,2.7
Deonte Harty,BUF,0,0,0,0,0,0,0,0,0.0,1,4,0,4,4,3,9,0,5,0,0,NYJ,0,16,22,0,-6,38,1,WR,4.3
Damien Harris,BUF,0,0,0,0,0,0,0,0,0.0,1,3,0,3,2,2,16,0,13,0,0,NYJ,0,16,22,0,-6,38,1,RB,3.9
Stefon Diggs,BUF,0,0,0,0,0,0,0,0,0.0,0,0,0,0,13,10,102,1,18,0,0,NYJ,0,16,22,0,-6,38,1,WR,26.200000000000003
Gabe Davis,BUF,0,0,0,0,0,0,0,0,0.0,0,0,0,0,4,2,32,0,26,0,0,NYJ,0,16,22,0,-6,38,1,WR,5.2
Dalton Kincaid,BUF,0,0,0,0,0,0,0,0,0.0,0,0,0,0,4,4,26,0,9,0,0,NYJ,0,16,22,0,-6,38,1,TE,6.6
Dawson Knox,BUF,0,0,0,0,0,0,0,0,0.0,0,0,0,0,4,3,25,0,15,0,0,NYJ,0,16,22,0,-6,38,1,TE,5.5
Zach Wilson,NYJ,14,21,140,1,1,2,13,24,81.4,4,6,0,6,0,0,0,0,0,0,0,BUF,1,22,16,1,6,38,1,QB,9.2
Aaron Rodgers,NYJ,0,1,0,0,0,1,10,0,39.6,0,0,0,0,0,0,0,0,0,0,0,BUF,1,22,16,1,6,38,1,QB,0.0
Breece Hall,NYJ,0,0,0,0,0,0,0,0,0.0,10,127,0,83,2,1,20,0,20,1,0,BUF,1,22,16,1,6,38,1,RB,15.7
Dalvin Cook,NYJ,0,0,0,0,0,0,0,0,0.0,13,33,0,10,3,3,26,0,15,0,0,BUF,1,22,16,1,6,38,1,RB,8.9
Michael Carter,NYJ,0,0,0,0,0,0,0,0,0.0,1,6,0,6,2,2,12,0,6,0,0,BUF,1,22,16,1,6,38,1,RB,3.8
Allen Lazard,NYJ,0,0,0,0,0,0,0,0,0.0,0,0,0,0,4,2,46,0,24,0,0,BUF,1,22,16,1,6,38,1,WR,6.6000000000000005
Garrett Wilson,NYJ,0,0,0,0,0,0,0,0,0.0,0,0,0,0,5,5,34,1,14,0,0,BUF,1,22,16,1,6,38,1,WR,14.4
Tyler Conklin,NYJ,0,0,0,0,0,0,0,0,0.0,0,0,0,0,1,1,2,0,2,0,0,BUF,1,22,16,1,6,38,1,TE,1.2
Randall Cobb,NYJ,0,0,0,0,0,0,0,0,0.0,0,0,0,0,1,0,0,0,0,0,0,BUF,1,22,16,1,6,38,1,WR,0.0
Dak Prescott,DAL,13,24,143,0,0,0,0,49,72.0,1,6,0,6,0,0,0,0,0,0,0,NYG,0,40,0,1,40,40,1,QB,6.32
Cooper Rush,DAL,0,1,0,0,0,0,0,0,39.6,0,0,0,0,0,0,0,0,0,0,0,NYG,0,40,0,1,40,40,1,QB,0.0
Tony Pollard,DAL,0,0,0,0,0,0,0,0,0.0,14,70,2,25,3,2,12,0,7,1,0,NYG,0,40,0,1,40,40,1,RB,22.2
Rico Dowdle,DAL,0,0,0,0,0,0,0,0,0.0,6,24,0,10,0,0,0,0,0,0,0,NYG,0,40,0,1,40,40,1,RB,2.4000000000000004
KaVontae Turpin,DAL,0,0,0,0,0,0,0,0,0.0,3,14,1,7,3,2,11,0,7,0,0,NYG,0,40,0,1,40,40,1,WR,10.5
Deuce Vaughn,DAL,0,0,0,0,0,0,0,0,0.0,6,8,0,5,0,0,0,0,0,0,0,NYG,0,40,0,1,40,40,1,RB,0.8
CeeDee Lamb,DAL,0,0,0,0,0,0,0,0,0.0,0,0,0,0,4,4,77,0,49,0,0,NYG,0,40,0,1,40,40,1,WR,11.7
Brandin Cooks,DAL,0,0,0,0,0,0,0,0,0.0,0,0,0,0,4,2,22,0,16,0,0,NYG,0,40,0,1,40,40,1,WR,4.2
Jake Ferguson,DAL,0,0,0,0,0,0,0,0,0.0,0,0,0,0,7,2,11,0,9,0,0,NYG,0,40,0,1,40,40,1,TE,3.1
Michael Gallup,DAL,0,0,0,0,0,0,0,0,0.0,0,0,0,0,2,1,10,0,10,0,0,NYG,0,40,0,1,40,40,1,WR,2.0
Jalen Tolbert,DAL,0,0,0,0,0,0,0,0,0.0,0,0,0,0,1,0,0,0,0,0,0,NYG,0,40,0,1,40,40,1,WR,0.0
Peyton Hendershot,DAL,0,0,0,0,0,0,0,0,0.0,0,0,0,0,1,0,0,0,0,0,0,NYG,0,40,0,1,40,40,1,TE,0.0
Daniel Jones,NYG,15,28,104,0,2,7,47,24,32.4,13,43,0,11,0,0,0,0,0,2,0,DAL,1,0,40,0,-40,40,1,QB,6.46
Tyrod Taylor,NYG,2,2,6,0,0,0,0,9,79.2,0,0,0,0,0,0,0,0,0,0,0,DAL,1,0,40,0,-40,40,1,QB,0.24
Saquon Barkley,NYG,0,0,0,0,0,0,0,0,0.0,12,51,0,18,4,3,12,0,7,0,0,DAL,1,0,40,0,-40,40,1,RB,9.3
Matt Breida,NYG,0,0,0,0,0,0,0,0,0.0,2,9,0,6,1,1,-3,0,-5,1,0,DAL,1,0,40,0,-40,40,1,RB,1.6
Gary Brightwell,NYG,0,0,0,0,0,0,0,0,0.0,1,5,0,5,2,2,6,0,9,0,0,DAL,1,0,40,0,-40,40,1,RB,3.1
Darren Waller,NYG,0,0,0,0,0,0,0,0,0.0,0,0,0,0,5,3,36,0,22,0,0,DAL,1,0,40,0,-40,40,1,TE,6.6
Isaiah Hodgins,NYG,0,0,0,0,0,0,0,0,0.0,0,0,0,0,3,1,24,0,24,1,1,DAL,1,0,40,0,-40,40,1,WR,2.4000000000000004
Lawrence Cager,NYG,0,0,0,0,0,0,0,0,0.0,0,0,0,0,2,2,17,0,9,0,0,DAL,1,0,40,0,-40,40,1,TE,3.7
Darius Slayton,NYG,0,0,0,0,0,0,0,0,0.0,0,0,0,0,5,3,15,0,8,0,0,DAL,1,0,40,0,-40,40,1,WR,4.5
Parris Campbell,NYG,0,0,0,0,0,0,0,0,0.0,0,0,0,0,4,1,2,0,2,0,0,DAL,1,0,40,0,-40,40,1,WR,1.2
Daniel Bellinger,NYG,0,0,0,0,0,0,0,0,0.0,0,0,0,0,1,1,1,0,1,0,0,DAL,1,0,40,0,-40,40,1,TE,1.1
Sterling Shepard,NYG,0,0,0,0,0,0,0,0,0.0,0,0,0,0,1,0,0,0,0,0,0,DAL,1,0,40,0,-40,40,1,WR,0.0
Jalin Hyatt,NYG,0,0,0,0,0,0,0,0,0.0,0,0,0,0,1,0,0,0,0,0,0,DAL,1,0,40,0,-40,40,1,WR,0.0
Ryan Tannehill,TEN,16,34,198,0,3,3,17,46,28.8,3,5,0,2,0,0,0,0,0,0,0,NO,0,15,16,0,-1,31,1,QB,5.42
Derrick Henry,TEN,0,0,0,0,0,0,0,0,0.0,15,63,0,18,3,2,56,0,46,0,0,NO,0,15,16,0,-1,31,1,RB,13.900000000000002
Tyjae Spears,TEN,0,0,0,0,0,0,0,0,0.0,3,27,0,17,4,1,1,0,1,0,0,NO,0,15,16,0,-1,31,1,RB,3.8
Treylon Burks,TEN,0,0,0,0,0,0,0,0,0.0,1,9,0,9,3,2,18,0,14,0,0,NO,0,15,16,0,-1,31,1,WR,4.7
DeAndre Hopkins,TEN,0,0,0,0,0,0,0,0,0.0,0,0,0,0,13,7,65,0,16,0,0,NO,0,15,16,0,-1,31,1,WR,13.5
Nick Westbrook-Ikhine,TEN,0,0,0,0,0,0,0,0,0.0,0,0,0,0,7,4,58,0,24,0,0,NO,0,15,16,0,-1,31,1,WR,9.8
Chigoziem Okonkwo,TEN,0,0,0,0,0,0,0,0,0.0,0,0,0,0,2,0,0,0,0,0,0,NO,0,15,16,0,-1,31,1,WR,0.0
Chris Moore,TEN,0,0,0,0,0,0,0,0,0.0,0,0,0,0,1,0,0,0,0,0,0,NO,0,15,16,0,-1,31,1,WR,0.0
Derek Carr,NO,23,33,305,1,1,4,23,45,96.1,3,4,0,7,0,0,0,0,0,0,0,TEN,1,16,15,1,1,31,1,QB,15.600000000000003
Jamaal Williams,NO,0,0,0,0,0,0,0,0,0.0,18,45,0,11,2,2,7,0,5,1,0,TEN,1,16,15,1,1,31,1,RB,7.2
Rashid Shaheed,NO,0,0,0,0,0,0,0,0,0.0,2,11,0,6,6,5,89,1,41,1,1,TEN,1,16,15,1,1,31,1,WR,20.0
Tony Jones,NO,0,0,0,0,0,0,0,0,0.0,1,5,0,5,0,0,0,0,0,0,0,TEN,1,16,15,1,1,31,1,RB,0.5
Taysom Hill,NO,0,0,0,0,0,0,0,0,0.0,3,4,0,4,1,0,0,0,0,0,0,TEN,1,16,15,1,1,31,1,TE,0.4
Chris Olave,NO,0,0,0,0,0,0,0,0,0.0,0,0,0,0,10,8,112,0,45,0,0,TEN,1,16,15,1,1,31,1,WR,19.200000000000003
Michael Thomas,NO,0,0,0,0,0,0,0,0,0.0,0,0,0,0,8,5,61,0,25,0,0,TEN,1,16,15,1,1,31,1,WR,11.1
Juwan Johnson,NO,0,0,0,0,0,0,0,0,0.0,0,0,0,0,5,3,36,0,27,0,0,TEN,1,16,15,1,1,31,1,TE,6.6
Keith Kirkwood,NO,0,0,0,0,0,0,0,0,0.0,0,0,0,0,1,0,0,0,0,0,0,TEN,1,16,15,1,1,31,1,WR,0.0
CJ Stroud,HOU,28,44,242,0,0,5,46,26,78.0,4,20,0,11,1,1,0,0,0,1,1,BAL,0,9,25,0,-16,34,1,QB,11.68
Dameon Pierce,HOU,0,0,0,0,0,0,0,0,0.0,11,38,0,7,3,2,9,0,9,0,0,BAL,0,9,25,0,-16,34,1,RB,6.700000000000001
Devin Singletary,HOU,0,0,0,0,0,0,0,0,0.0,7,15,0,4,0,0,0,0,0,0,0,BAL,0,9,25,0,-16,34,1,RB,1.5
Nico Collins,HOU,0,0,0,0,0,0,0,0,0.0,0,0,0,0,11,6,80,0,26,0,0,BAL,0,9,25,0,-16,34,1,WR,14.0
Robert Woods,HOU,0,0,0,0,0,0,0,0,0.0,0,0,0,0,10,6,57,0,19,0,0,BAL,0,9,25,0,-16,34,1,WR,11.7
Tank Dell,HOU,0,0,0,0,0,0,0,0,0.0,0,0,0,0,4,3,34,0,13,0,0,BAL,0,9,25,0,-16,34,1,WR,6.4
Mike Boone,HOU,0,0,0,0,0,0,0,0,0.0,0,0,0,0,4,3,18,0,12,0,0,BAL,0,9,25,0,-16,34,1,RB,4.8
Teagan Quitoriano,HOU,0,0,0,0,0,0,0,0,0.0,0,0,0,0,1,1,11,0,11,0,0,BAL,0,9,25,0,-16,34,1,TE,2.1
Xavier Hutchinson,HOU,0,0,0,0,0,0,0,0,0.0,0,0,0,0,1,1,9,0,9,0,0,BAL,0,9,25,0,-16,34,1,WR,1.9
Dalton Schultz,HOU,0,0,0,0,0,0,0,0,0.0,0,0,0,0,4,2,4,0,5,0,0,BAL,0,9,25,0,-16,34,1,TE,2.4
Noah Brown,HOU,0,0,0,0,0,0,0,0,0.0,1,-1,0,-1,4,3,20,0,7,0,0,BAL,0,9,25,0,-16,34,1,WR,4.9
Lamar Jackson,BAL,17,22,169,0,1,4,14,29,79.5,6,38,0,14,0,0,0,0,0,2,1,HOU,1,25,9,1,16,34,1,QB,8.56
Gus Edwards,BAL,0,0,0,0,0,0,0,0,0.0,8,32,0,13,0,0,0,0,0,0,0,HOU,1,25,9,1,16,34,1,RB,3.2
JK Dobbins,BAL,0,0,0,0,0,0,0,0,0.0,8,22,1,4,3,2,15,0,10,0,0,HOU,1,25,9,1,16,34,1,RB,11.7
Zay Flowers,BAL,0,0,0,0,0,0,0,0,0.0,2,9,0,6,10,9,78,0,21,0,0,HOU,1,25,9,1,16,34,1,WR,17.700000000000003
Justice Hill,BAL,0,0,0,0,0,0,0,0,0.0,8,9,2,4,0,0,0,0,0,0,0,HOU,1,25,9,1,16,34,1,RB,12.9
Odell Beckham,BAL,0,0,0,0,0,0,0,0,0.0,0,0,0,0,3,2,37,0,29,0,0,HOU,1,25,9,1,16,34,1,WR,5.7
Rashod Bateman,BAL,0,0,0,0,0,0,0,0,0.0,0,0,0,0,3,3,35,0,18,0,0,HOU,1,25,9,1,16,34,1,WR,6.5
Isaiah Likely,BAL,0,0,0,0,0,0,0,0,0.0,0,0,0,0,1,1,4,0,4,0,0,HOU,1,25,9,1,16,34,1,TE,1.4
Charlie Kolar,BAL,0,0,0,0,0,0,0,0,0.0,0,0,0,0,1,0,0,0,0,0,0,HOU,1,25,9,1,16,34,1,TE,0.0
Joe Burrow,CIN,14,31,82,0,0,2,15,12,52.2,1,-1,0,-1,0,0,0,0,0,0,0,CLE,0,3,24,0,-21,27,1,QB,3.18
Jake Browning,CIN,0,1,0,0,0,0,0,0,39.6,1,-1,0,-1,0,0,0,0,0,0,0,CLE,0,3,24,0,-21,27,1,QB,-0.1
Joe Mixon,CIN,0,0,0,0,0,0,0,0,0.0,13,56,0,22,5,3,17,0,10,0,0,CLE,0,3,24,0,-21,27,1,RB,10.3
Chris Evans,CIN,0,0,0,0,0,0,0,0,0.0,2,12,0,7,1,1,-1,0,-1,0,0,CLE,0,3,24,0,-21,27,1,RB,2.1
Trayveon Williams,CIN,0,0,0,0,0,0,0,0,0.0,2,7,0,5,0,0,0,0,0,0,0,CLE,0,3,24,0,-21,27,1,RB,0.7000000000000001
Ja'Marr Chase,CIN,0,0,0,0,0,0,0,0,0.0,1,2,0,2,9,5,39,0,12,0,0,CLE,0,3,24,0,-21,27,1,WR,9.1
Irv Smith,CIN,0,0,0,0,0,0,0,0,0.0,0,0,0,0,5,3,17,0,8,0,0,CLE,0,3,24,0,-21,27,1,TE,4.7
Tyler Boyd,CIN,0,0,0,0,0,0,0,0,0.0,0,0,0,0,3,2,10,0,6,0,0,CLE,0,3,24,0,-21,27,1,WR,3.0
Tee Higgins,CIN,0,0,0,0,0,0,0,0,0.0,0,0,0,0,8,0,0,0,0,0,0,CLE,0,3,24,0,-21,27,1,WR,0.0
Deshaun Watson,CLE,16,29,154,1,1,3,10,33,67.3,5,45,1,13,0,0,0,0,0,1,0,CIN,1,24,3,1,21,27,1,QB,19.66
Nick Chubb,CLE,0,0,0,0,0,0,0,0,0.0,18,106,0,17,4,4,21,0,10,0,0,CIN,1,24,3,1,21,27,1,RB,16.700000000000003
Jerome Ford,CLE,0,0,0,0,0,0,0,0,0.0,15,36,0,17,0,0,0,0,0,1,1,CIN,1,24,3,1,21,27,1,RB,2.6
Elijah Moore,CLE,0,0,0,0,0,0,0,0,0.0,2,19,0,19,7,3,43,0,33,0,0,CIN,1,24,3,1,21,27,1,WR,9.2
Amari Cooper,CLE,0,0,0,0,0,0,0,0,0.0,0,0,0,0,7,3,37,0,20,0,0,CIN,1,24,3,1,21,27,1,WR,6.7
David Njoku,CLE,0,0,0,0,0,0,0,0,0.0,0,0,0,0,3,2,24,0,15,0,0,CIN,1,24,3,1,21,27,1,TE,4.4
Jordan Akins,CLE,0,0,0,0,0,0,0,0,0.0,0,0,0,0,1,1,12,0,12,0,0,CIN,1,24,3,1,21,27,1,TE,2.2
Donovan Peoples-Jones,CLE,0,0,0,0,0,0,0,0,0.0,0,0,0,0,2,1,12,0,12,0,0,CIN,1,24,3,1,21,27,1,WR,2.2
Harrison Bryant,CLE,0,0,0,0,0,0,0,0,0.0,0,0,0,0,2,2,5,1,3,0,0,CIN,1,24,3,1,21,27,1,TE,8.5
Marquise Goodwin,CLE,0,0,0,0,0,0,0,0,0.0,0,0,0,0,2,0,0,0,0,0,0,CIN,1,24,3,1,21,27,1,WR,0.0
David Bell,CLE,0,0,0,0,0,0,0,0,0.0,0,0,0,0,1,0,0,0,0,0,0,CIN,1,24,3,1,21,27,1,WR,0.0
Jalen Hurts,PHI,22,33,170,1,0,3,16,23,89.2,9,37,0,14,0,0,0,0,0,1,1,NE,0,25,20,1,5,45,1,QB,13.5
Kenneth Gainwell,PHI,0,0,0,0,0,0,0,0,0.0,14,54,0,16,4,4,20,0,8,0,0,NE,0,25,20,1,5,45,1,RB,11.4
Boston Scott,PHI,0,0,0,0,0,0,0,0,0.0,1,3,0,3,1,1,7,0,7,0,0,NE,0,25,20,1,5,45,1,RB,2.0
D'Andre Swift,PHI,0,0,0,0,0,0,0,0,0.0,1,3,0,3,2,1,0,0,0,0,0,NE,0,25,20,1,5,45,1,RB,1.3
AJ Brown,PHI,0,0,0,0,0,0,0,0,0.0,0,0,0,0,10,7,79,0,23,0,0,NE,0,25,20,1,5,45,1,WR,14.9
DeVonta Smith,PHI,0,0,0,0,0,0,0,0,0.0,0,0,0,0,10,7,47,1,13,0,0,NE,0,25,20,1,5,45,1,WR,17.7
Quez Watkins,PHI,0,0,0,0,0,0,0,0,0.0,0,0,0,0,2,2,17,0,9,0,0,NE,0,25,20,1,5,45,1,WR,3.7
Dallas Goedert,PHI,0,0,0,0,0,0,0,0,0.0,0,0,0,0,1,0,0,0,0,0,0,NE,0,25,20,1,5,45,1,TE,0.0
Mac Jones,NE,35,54,316,3,1,2,10,32,91.3,2,15,0,8,0,0,0,0,0,0,0,PHI,1,20,25,0,-5,45,1,QB,25.14
Ezekiel Elliott,NE,0,0,0,0,0,0,0,0,0.0,7,29,0,11,7,5,14,0,6,1,1,PHI,1,20,25,0,-5,45,1,RB,8.3
Rhamondre Stevenson,NE,0,0,0,0,0,0,0,0,0.0,12,25,0,5,6,6,64,0,32,0,0,PHI,1,20,25,0,-5,45,1,RB,14.9
Ty Montgomery,NE,0,0,0,0,0,0,0,0,0.0,1,7,0,7,3,2,9,0,11,0,0,PHI,1,20,25,0,-5,45,1,RB,3.6
Kendrick Bourne,NE,0,0,0,0,0,0,0,0,0.0,0,0,0,0,11,6,64,2,19,0,0,PHI,1,20,25,0,-5,45,1,WR,24.4
Hunter Henry,NE,0,0,0,0,0,0,0,0,0.0,0,0,0,0,6,5,56,1,13,0,0,PHI,1,20,25,0,-5,45,1,TE,16.6
Demario Douglas,NE,0,0,0,0,0,0,0,0,0.0,0,0,0,0,7,4,40,0,23,0,0,PHI,1,20,25,0,-5,45,1,WR,8.0
Mike Gesicki,NE,0,0,0,0,0,0,0,0,0.0,0,0,0,0,3,3,36,0,17,0,0,PHI,1,20,25,0,-5,45,1,TE,6.6
JuJu Smith-Schuster,NE,0,0,0,0,0,0,0,0,0.0,0,0,0,0,7,4,33,0,15,0,0,PHI,1,20,25,0,-5,45,1,WR,7.300000000000001
Kayshon Boutte,NE,0,0,0,0,0,0,0,0,0.0,0,0,0,0,4,0,0,0,0,0,0,PHI,1,20,25,0,-5,45,1,WR,0.0
Jordan Love,GB,15,27,245,3,0,1,8,51,123.2,3,12,0,9,0,0,0,0,0,1,0,CHI,0,38,20,1,18,58,1,QB,23.0
Aaron Jones,GB,0,0,0,0,0,0,0,0,0.0,9,41,1,9,4,2,86,1,51,0,0,CHI,0,38,20,1,18,58,1,RB,26.700000000000003
Patrick Taylor,GB,0,0,0,0,0,0,0,0,0.0,5,22,0,10,0,0,0,0,0,0,0,CHI,0,38,20,1,18,58,1,RB,2.2
AJ Dillon,GB,0,0,0,0,0,0,0,0,0.0,13,19,0,7,3,2,17,0,12,0,0,CHI,0,38,20,1,18,58,1,RB,5.6000000000000005
Luke Musgrave,GB,0,0,0,0,0,0,0,0,0.0,0,0,0,0,4,3,50,0,37,0,0,CHI,0,38,20,1,18,58,1,TE,8.0
Romeo Doubs,GB,0,0,0,0,0,0,0,0,0.0,0,0,0,0,5,4,26,2,13,0,0,CHI,0,38,20,1,18,58,1,WR,18.6
Samori Toure,GB,0,0,0,0,0,0,0,0,0.0,0,0,0,0,3,2,18,0,16,0,0,CHI,0,38,20,1,18,58,1,WR,3.8
Dontayvion Wicks,GB,0,0,0,0,0,0,0,0,0.0,0,0,0,0,2,0,0,0,0,0,0,CHI,0,38,20,1,18,58,1,WR,0.0
Malik Heath,GB,0,0,0,0,0,0,0,0,0.0,0,0,0,0,1,0,0,0,0,0,0,CHI,0,38,20,1,18,58,1,WR,0.0
Sean Clifford,GB,0,0,0,0,0,0,0,0,0.0,1,0,0,0,0,0,0,0,0,1,0,CHI,0,38,20,1,18,58,1,QB,0.0
Jayden Reed,GB,0,0,0,0,0,0,0,0,0.0,1,-2,0,-2,5,2,48,0,30,0,0,CHI,0,38,20,1,18,58,1,WR,6.6000000000000005
Justin Fields,CHI,24,37,216,1,1,4,27,23,78.2,9,59,0,10,0,0,0,0,0,1,1,GB,1,20,38,0,-18,58,1,QB,16.54
Khalil Herbert,CHI,0,0,0,0,0,0,0,0,0.0,9,27,0,12,5,3,37,0,19,0,0,GB,1,20,38,0,-18,58,1,RB,9.4
Roschon Johnson,CHI,0,0,0,0,0,0,0,0,0.0,5,20,1,11,7,6,35,0,8,0,0,GB,1,20,38,0,-18,58,1,RB,17.5
D'Onta Foreman,CHI,0,0,0,0,0,0,0,0,0.0,5,16,0,11,3,2,8,0,5,0,0,GB,1,20,38,0,-18,58,1,RB,4.4
Darnell Mooney,CHI,0,0,0,0,0,0,0,0,0.0,0,0,0,0,7,4,53,1,23,0,0,GB,1,20,38,0,-18,58,1,WR,15.3
Cole Kmet,CHI,0,0,0,0,0,0,0,0,0.0,1,0,0,0,7,5,44,0,15,0,0,GB,1,20,38,0,-18,58,1,TE,9.4
DJ Moore,CHI,0,0,0,0,0,0,0,0,0.0,0,0,0,0,2,2,25,0,14,0,0,GB,1,20,38,0,-18,58,1,WR,4.5
Tyler Scott,CHI,0,0,0,0,0,0,0,0,0.0,0,0,0,0,2,2,14,0,9,0,0,GB,1,20,38,0,-18,58,1,WR,3.4000000000000004
Chase Claypool,CHI,0,0,0,0,0,0,0,0,0.0,0,0,0,0,2,0,0,0,0,0,0,GB,1,20,38,0,-18,58,1,WR,0.0
Khari Blasingame,CHI,0,0,0,0,0,0,0,0,0.0,0,0,0,0,1,0,0,0,0,0,0,GB,1,20,38,0,-18,58,1,RB,0.0
Trevor Lawrence,JAX,24,32,241,2,1,2,4,29,103.8,7,21,0,11,0,0,0,0,0,1,0,IND,0,31,21,1,10,52,1,QB,18.74
Travis Etienne,JAX,0,0,0,0,0,0,0,0,0.0,18,77,1,26,5,5,27,0,10,0,0,IND,0,31,21,1,10,52,1,RB,21.4
Tank Bigsby,JAX,0,0,0,0,0,0,0,0,0.0,7,13,1,4,1,0,0,0,0,1,1,IND,0,31,21,1,10,52,1,RB,6.3
Calvin Ridley,JAX,0,0,0,0,0,0,0,0,0.0,0,0,0,0,11,8,101,1,29,1,0,IND,0,31,21,1,10,52,1,WR,24.1
Zay Jones,JAX,0,0,0,0,0,0,0,0,0.0,0,0,0,0,7,5,55,1,18,0,0,IND,0,31,21,1,10,52,1,WR,16.5
Evan Engram,JAX,0,0,0,0,0,0,0,0,0.0,0,0,0,0,5,5,49,0,26,0,0,IND,0,31,21,1,10,52,1,TE,9.9
Christian Kirk,JAX,0,0,0,0,0,0,0,0,0.0,0,0,0,0,3,1,9,0,9,0,0,IND,0,31,21,1,10,52,1,WR,1.9
Jamal Agnew,JAX,0,0,0,0,0,0,0,0,0.0,2,-2,0,0,0,0,0,0,0,0,0,IND,0,31,21,1,10,52,1,WR,-0.2
D'Ernest Johnson,JAX,0,0,0,0,0,0,0,0,0.0,1,-4,0,-4,0,0,0,0,0,0,0,IND,0,31,21,1,10,52,1,RB,-0.4
Anthony Richardson,IND,24,37,223,1,1,4,8,39,79.0,10,40,1,12,0,0,0,0,0,0,0,JAX,1,21,31,0,-10,52,1,QB,21.92
Gardner Minshew,IND,0,2,0,0,0,0,0,0,39.6,0,0,0,0,0,0,0,0,0,0,0,JAX,1,21,31,0,-10,52,1,QB,0.0
Deon Jackson,IND,0,0,0,0,0,0,0,0,0.0,13,14,0,7,6,5,14,0,8,2,2,JAX,1,21,31,0,-10,52,1,RB,5.800000000000001
Jake Funk,IND,0,0,0,0,0,0,0,0,0.0,2,10,0,7,1,1,12,0,12,0,0,JAX,1,21,31,0,-10,52,1,RB,3.2
Evan Hull,IND,0,0,0,0,0,0,0,0,0.0,1,1,0,1,1,1,6,0,6,0,0,JAX,1,21,31,0,-10,52,1,RB,1.7000000000000002
Michael Pittman,IND,0,0,0,0,0,0,0,0,0.0,0,0,0,0,11,8,97,1,39,0,0,JAX,1,21,31,0,-10,52,1,WR,23.700000000000003
Kylen Granson,IND,0,0,0,0,0,0,0,0,0.0,0,0,0,0,6,4,39,0,14,0,0,JAX,1,21,31,0,-10,52,1,TE,7.9
Josh Downs,IND,0,0,0,0,0,0,0,0,0.0,0,0,0,0,7,3,30,0,22,0,0,JAX,1,21,31,0,-10,52,1,WR,6.0
Andrew Ogletree,IND,0,0,0,0,0,0,0,0,0.0,0,0,0,0,2,1,20,0,20,0,0,JAX,1,21,31,0,-10,52,1,WR,3.0
Alec Pierce,IND,0,0,0,0,0,0,0,0,0.0,0,0,0,0,3,1,5,0,5,0,0,JAX,1,21,31,0,-10,52,1,WR,1.5
Mo Alie-Cox,IND,0,0,0,0,0,0,0,0,0.0,0,0,0,0,2,0,0,0,0,0,0,JAX,1,21,31,0,-10,52,1,TE,0.0
Brock Purdy,SF,19,29,220,2,0,3,17,23,111.3,3,20,0,17,0,0,0,0,0,2,1,PIT,0,30,7,1,23,37,1,QB,17.8
Christian McCaffrey,SF,0,0,0,0,0,0,0,0,0.0,22,152,1,65,5,3,17,0,7,1,0,PIT,0,30,7,1,23,37,1,RB,25.9
Elijah Mitchell,SF,0,0,0,0,0,0,0,0,0.0,5,10,0,4,1,0,0,0,0,0,0,PIT,0,30,7,1,23,37,1,RB,1.0
Deebo Samuel,SF,0,0,0,0,0,0,0,0,0.0,2,8,0,5,7,5,55,0,22,0,0,PIT,0,30,7,1,23,37,1,WR,11.3
Brandon Aiyuk,SF,0,0,0,0,0,0,0,0,0.0,0,0,0,0,8,8,129,2,23,0,0,PIT,0,30,7,1,23,37,1,WR,32.9
George Kittle,SF,0,0,0,0,0,0,0,0,0.0,0,0,0,0,6,3,19,0,11,0,0,PIT,0,30,7,1,23,37,1,TE,4.9
Jauan Jennings,SF,0,0,0,0,0,0,0,0,0.0,0,0,0,0,1,0,0,0,0,0,0,PIT,0,30,7,1,23,37,1,WR,0.0
Sam Darnold,SF,0,0,0,0,0,0,0,0,0.0,2,-2,0,-1,0,0,0,0,0,0,0,PIT,0,30,7,1,23,37,1,QB,-0.2
Kenny Pickett,PIT,31,46,232,1,2,5,34,31,68.4,1,4,0,4,0,0,0,0,0,0,0,SF,1,7,30,0,-23,37,1,QB,11.68
Najee Harris,PIT,0,0,0,0,0,0,0,0,0.0,6,31,0,24,2,2,2,0,4,0,0,SF,1,7,30,0,-23,37,1,RB,5.3
Jaylen Warren,PIT,0,0,0,0,0,0,0,0,0.0,3,6,0,3,6,5,12,0,9,0,0,SF,1,7,30,0,-23,37,1,RB,6.8
Allen Robinson,PIT,0,0,0,0,0,0,0,0,0.0,0,0,0,0,8,5,64,0,31,0,0,SF,1,7,30,0,-23,37,1,WR,11.4
Diontae Johnson,PIT,0,0,0,0,0,0,0,0,0.0,0,0,0,0,6,3,48,0,26,0,0,SF,1,7,30,0,-23,37,1,WR,7.800000000000001
Calvin Austin,PIT,0,0,0,0,0,0,0,0,0.0,0,0,0,0,6,6,37,0,13,0,0,SF,1,7,30,0,-23,37,1,WR,9.7
George Pickens,PIT,0,0,0,0,0,0,0,0,0.0,0,0,0,0,7,5,36,0,9,0,0,SF,1,7,30,0,-23,37,1,WR,8.6
Connor Heyward,PIT,0,0,0,0,0,0,0,0,0.0,0,0,0,0,4,2,19,0,11,0,0,SF,1,7,30,0,-23,37,1,TE,3.9
Anthony McFarland,PIT,0,0,0,0,0,0,0,0,0.0,0,0,0,0,2,2,11,0,6,0,0,SF,1,7,30,0,-23,37,1,RB,3.1
Pat Freiermuth,PIT,0,0,0,0,0,0,0,0,0.0,0,0,0,0,4,1,3,1,3,0,0,SF,1,7,30,0,-23,37,1,TE,7.3
Baker Mayfield,TB,21,34,173,2,0,1,4,28,94.4,8,11,0,5,0,0,0,0,0,0,0,MIN,0,20,17,1,3,37,1,QB,16.02
Rachaad White,TB,0,0,0,0,0,0,0,0,0.0,17,39,0,6,2,2,10,0,8,0,0,MIN,0,20,17,1,3,37,1,RB,6.9
Sean Tucker,TB,0,0,0,0,0,0,0,0,0.0,5,15,0,5,2,2,9,0,6,0,0,MIN,0,20,17,1,3,37,1,RB,4.4
Chase Edmonds,TB,0,0,0,0,0,0,0,0,0.0,2,8,0,5,0,0,0,0,0,0,0,MIN,0,20,17,1,3,37,1,RB,0.8
Mike Evans,TB,0,0,0,0,0,0,0,0,0.0,0,0,0,0,10,6,66,1,28,0,0,MIN,0,20,17,1,3,37,1,WR,18.6
Chris Godwin,TB,0,0,0,0,0,0,0,0,0.0,0,0,0,0,6,5,51,0,16,0,0,MIN,0,20,17,1,3,37,1,WR,10.1
Cade Otton,TB,0,0,0,0,0,0,0,0,0.0,0,0,0,0,3,2,19,0,13,0,0,MIN,0,20,17,1,3,37,1,TE,3.9
Deven Thompkins,TB,0,0,0,0,0,0,0,0,0.0,0,0,0,0,3,2,10,0,8,0,0,MIN,0,20,17,1,3,37,1,WR,3.0
Trey Palmer,TB,0,0,0,0,0,0,0,0,0.0,0,0,0,0,3,2,8,1,7,0,0,MIN,0,20,17,1,3,37,1,WR,8.8
Ko Kieft,TB,0,0,0,0,0,0,0,0,0.0,0,0,0,0,3,0,0,0,0,0,0,MIN,0,20,17,1,3,37,1,TE,0.0
Rakim Jarrett,TB,0,0,0,0,0,0,0,0,0.0,1,0,0,0,0,0,0,0,0,0,0,MIN,0,20,17,1,3,37,1,WR,0.0
Kirk Cousins,MIN,33,44,344,2,1,2,16,42,102.8,3,7,0,4,0,0,0,0,0,2,2,TB,1,17,20,0,-3,37,1,QB,19.46
Alexander Mattison,MIN,0,0,0,0,0,0,0,0,0.0,11,34,0,9,4,3,10,1,4,0,0,TB,1,17,20,0,-3,37,1,RB,13.4
Justin Jefferson,MIN,0,0,0,0,0,0,0,0,0.0,0,0,0,0,12,9,150,0,42,0,0,TB,1,17,20,0,-3,37,1,WR,24.0
Jordan Addison,MIN,0,0,0,0,0,0,0,0,0.0,0,0,0,0,6,4,61,1,39,0,0,TB,1,17,20,0,-3,37,1,WR,16.1
TJ Hockenson,MIN,0,0,0,0,0,0,0,0,0.0,0,0,0,0,9,8,35,0,14,0,0,TB,1,17,20,0,-3,37,1,TE,11.5
Josh Oliver,MIN,0,0,0,0,0,0,0,0,0.0,0,0,0,0,3,3,32,0,18,0,0,TB,1,17,20,0,-3,37,1,TE,6.2
KJ Osborn,MIN,0,0,0,0,0,0,0,0,0.0,0,0,0,0,6,3,31,0,19,0,0,TB,1,17,20,0,-3,37,1,WR,6.1
Ty Chandler,MIN,0,0,0,0,0,0,0,0,0.0,3,0,0,2,1,1,18,0,18,0,0,TB,1,17,20,0,-3,37,1,RB,2.8
CJ Ham,MIN,0,0,0,0,0,0,0,0,0.0,0,0,0,0,3,2,7,0,6,0,0,TB,1,17,20,0,-3,37,1,RB,2.7
Tua Tagovailoa,MIA,28,45,466,3,1,0,0,47,110.0,5,5,0,7,0,0,0,0,0,2,1,LAC,0,36,34,1,2,70,1,QB,29.14
Raheem Mostert,MIA,0,0,0,0,0,0,0,0,0.0,10,37,1,12,2,2,13,0,8,0,0,LAC,0,36,34,1,2,70,1,RB,13.0
Erik Ezukanma,MIA,0,0,0,0,0,0,0,0,0.0,2,17,0,12,0,0,0,0,0,0,0,LAC,0,36,34,1,2,70,1,WR,1.7000000000000002
Salvon Ahmed,MIA,0,0,0,0,0,0,0,0,0.0,3,11,0,8,3,0,0,0,0,0,0,LAC,0,36,34,1,2,70,1,RB,1.1
Tyreek Hill,MIA,0,0,0,0,0,0,0,0,0.0,0,0,0,0,15,11,215,2,47,0,0,LAC,0,36,34,1,2,70,1,WR,44.5
Jaylen Waddle,MIA,0,0,0,0,0,0,0,0,0.0,0,0,0,0,5,4,78,0,35,0,0,LAC,0,36,34,1,2,70,1,WR,11.8
Durham Smythe,MIA,0,0,0,0,0,0,0,0,0.0,0,0,0,0,7,3,44,0,18,0,0,LAC,0,36,34,1,2,70,1,TE,7.4
Braxton Berrios,MIA,0,0,0,0,0,0,0,0,0.0,0,0,0,0,5,3,42,0,16,0,0,LAC,0,36,34,1,2,70,1,WR,7.2
River Cracraft,MIA,0,0,0,0,0,0,0,0,0.0,0,0,0,0,5,3,40,1,24,0,0,LAC,0,36,34,1,2,70,1,WR,13.0
Alec Ingold,MIA,0,0,0,0,0,0,0,0,0.0,0,0,0,0,2,2,34,0,19,0,0,LAC,0,36,34,1,2,70,1,RB,5.4
Justin Herbert,LAC,23,33,229,1,0,3,29,36,99.2,5,17,1,5,0,0,0,0,0,0,0,MIA,1,34,36,0,-2,70,1,QB,20.86
Austin Ekeler,LAC,0,0,0,0,0,0,0,0,0.0,16,117,1,55,5,4,47,0,35,0,0,MIA,1,34,36,0,-2,70,1,RB,26.4
Joshua Kelley,LAC,0,0,0,0,0,0,0,0,0.0,16,91,1,14,1,0,0,0,0,0,0,MIA,1,34,36,0,-2,70,1,RB,15.1
Keenan Allen,LAC,0,0,0,0,0,0,0,0,0.0,2,6,0,4,9,6,76,0,36,0,0,MIA,1,34,36,0,-2,70,1,WR,14.2
Gerald Everett,LAC,0,0,0,0,0,0,0,0,0.0,1,2,0,2,3,2,21,0,11,0,0,MIA,1,34,36,0,-2,70,1,TE,4.300000000000001
Mike Williams,LAC,0,0,0,0,0,0,0,0,0.0,0,0,0,0,5,4,45,0,24,0,0,MIA,1,34,36,0,-2,70,1,WR,8.5
Donald Parham,LAC,0,0,0,0,0,0,0,0,0.0,0,0,0,0,3,3,22,1,16,0,0,MIA,1,34,36,0,-2,70,1,TE,11.2
Quentin Johnston,LAC,0,0,0,0,0,0,0,0,0.0,0,0,0,0,3,2,9,0,11,0,0,MIA,1,34,36,0,-2,70,1,WR,2.9
Derius Davis,LAC,0,0,0,0,0,0,0,0,0.0,0,0,0,0,1,1,5,0,5,0,0,MIA,1,34,36,0,-2,70,1,WR,1.5
Josh Palmer,LAC,0,0,0,0,0,0,0,0,0.0,0,0,0,0,1,1,4,0,4,0,0,MIA,1,34,36,0,-2,70,1,WR,1.4
Jared Goff,DET,22,35,253,1,0,1,3,33,94.1,5,-1,0,2,0,0,0,0,0,0,0,KC,0,21,20,1,1,41,1,QB,14.02
David Montgomery,DET,0,0,0,0,0,0,0,0,0.0,21,74,1,8,0,0,0,0,0,0,0,KC,0,21,20,1,1,41,1,RB,13.4
Jahmyr Gibbs,DET,0,0,0,0,0,0,0,0,0.0,7,42,0,18,2,2,18,0,10,0,0,KC,0,21,20,1,1,41,1,RB,8.0
Jalen Reeves-Maybin,DET,0,0,0,0,0,0,0,0,0.0,1,3,0,3,0,0,0,0,0,0,0,KC,0,21,20,1,1,41,1,WR,0.3
Josh Reynolds,DET,0,0,0,0,0,0,0,0,0.0,0,0,0,0,7,4,80,0,33,0,0,KC,0,21,20,1,1,41,1,WR,12.0
Amon-Ra St,DET,0,0,0,0,0,0,0,0,0.0,0,0,0,0,9,6,71,1,21,0,0,KC,0,21,20,1,1,41,1,WR,19.1
Sam LaPorta,DET,0,0,0,0,0,0,0,0,0.0,0,0,0,0,5,5,39,0,14,0,0,KC,0,21,20,1,1,41,1,TE,8.9
Kalif Raymond,DET,0,0,0,0,0,0,0,0,0.0,0,0,0,0,1,1,20,0,20,0,0,KC,0,21,20,1,1,41,1,WR,3.0
Brock Wright,DET,0,0,0,0,0,0,0,0,0.0,0,0,0,0,2,2,17,0,9,0,0,KC,0,21,20,1,1,41,1,TE,3.7
Marvin Jones,DET,0,0,0,0,0,0,0,0,0.0,0,0,0,0,6,2,8,0,5,1,1,KC,0,21,20,1,1,41,1,WR,1.7999999999999998
Patrick Mahomes,KC,21,39,226,2,1,0,0,34,77.5,6,45,0,16,0,0,0,0,0,0,0,DET,1,20,21,0,-1,41,1,QB,20.54
Isiah Pacheco,KC,0,0,0,0,0,0,0,0,0.0,8,23,0,7,4,4,31,0,10,0,0,DET,1,20,21,0,-1,41,1,RB,9.4
Clyde Edwards-Helaire,KC,0,0,0,0,0,0,0,0,0.0,6,22,0,5,1,1,7,0,7,0,0,DET,1,20,21,0,-1,41,1,RB,3.9
Skyy Moore,KC,0,0,0,0,0,0,0,0,0.0,1,4,0,4,3,0,0,0,0,0,0,DET,1,20,21,0,-1,41,1,WR,0.4
Marquez Valdes-Scantling,KC,0,0,0,0,0,0,0,0,0.0,0,0,0,0,2,2,48,0,34,0,0,DET,1,20,21,0,-1,41,1,WR,6.800000000000001
Justin Watson,KC,0,0,0,0,0,0,0,0,0.0,0,0,0,0,4,2,45,0,26,0,0,DET,1,20,21,0,-1,41,1,WR,6.5
Noah Gray,KC,0,0,0,0,0,0,0,0,0.0,0,0,0,0,5,3,31,0,24,0,0,DET,1,20,21,0,-1,41,1,TE,6.1
Blake Bell,KC,0,0,0,0,0,0,0,0,0.0,0,0,0,0,3,2,12,1,8,0,0,DET,1,20,21,0,-1,41,1,TE,9.2
Jerick McKinnon,KC,0,0,0,0,0,0,0,0,0.0,0,0,0,0,2,1,10,0,10,0,0,DET,1,20,21,0,-1,41,1,RB,2.0
Richie James,KC,0,0,0,0,0,0,0,0,0.0,0,0,0,0,2,1,6,0,6,0,0,DET,1,20,21,0,-1,41,1,WR,1.6
Justyn Ross,KC,0,0,0,0,0,0,0,0,0.0,0,0,0,0,1,1,6,0,6,0,0,DET,1,20,21,0,-1,41,1,WR,1.6
Kadarius Toney,KC,0,0,0,0,0,0,0,0,0.0,1,-1,0,-1,5,1,1,0,1,0,0,DET,1,20,21,0,-1,41,1,WR,1.0
Rashee Rice,KC,0,0,0,0,0,0,0,0,0.0,1,-3,0,-3,5,3,29,1,25,0,0,DET,1,20,21,0,-1,41,1,WR,11.6
Matthew Stafford,LAR,24,38,334,0,0,0,0,44,91.3,3,11,0,9,0,0,0,0,0,0,0,SEA,0,30,13,1,17,43,1,QB,14.46
Kyren Williams,LAR,0,0,0,0,0,0,0,0,0.0,15,52,2,9,2,0,2,0,0,0,0,SEA,0,30,13,1,17,43,1,RB,17.4
Cam Akers,LAR,0,0,0,0,0,0,0,0,0.0,22,29,1,12,0,0,0,0,0,0,0,SEA,0,30,13,1,17,43,1,RB,8.9
Tutu Atwell,LAR,0,0,0,0,0,0,0,0,0.0,0,0,0,0,8,6,119,0,44,0,0,SEA,0,30,13,1,17,43,1,WR,17.9
Puka Nacua,LAR,0,0,0,0,0,0,0,0,0.0,0,0,0,0,15,10,119,0,21,0,0,SEA,0,30,13,1,17,43,1,WR,21.9
Tyler Higbee,LAR,0,0,0,0,0,0,0,0,0.0,0,0,0,0,3,3,49,0,30,0,0,SEA,0,30,13,1,17,43,1,TE,7.9
Van Jefferson,LAR,0,0,0,0,0,0,0,0,0.0,0,0,0,0,5,4,24,0,10,0,0,SEA,0,30,13,1,17,43,1,WR,6.4
Brycen Hopkins,LAR,0,0,0,0,0,0,0,0,0.0,0,0,0,0,2,1,21,0,21,0,0,SEA,0,30,13,1,17,43,1,TE,3.1
Ben Skowronek,LAR,0,0,0,0,0,0,0,0,0.0,0,0,0,0,2,0,0,0,0,0,0,SEA,0,30,13,1,17,43,1,WR,0.0
Geno Smith,SEA,16,26,112,1,0,2,17,28,84.1,1,6,0,6,0,0,0,0,0,0,0,LAR,1,13,30,0,-17,43,1,QB,9.08
Kenneth Walker,SEA,0,0,0,0,0,0,0,0,0.0,12,64,0,15,5,4,3,0,6,0,0,LAR,1,13,30,0,-17,43,1,RB,10.7
Zach Charbonnet,SEA,0,0,0,0,0,0,0,0,0.0,3,11,0,9,0,0,0,0,0,0,0,LAR,1,13,30,0,-17,43,1,RB,1.1
DeeJay Dallas,SEA,0,0,0,0,0,0,0,0,0.0,2,4,0,5,1,1,14,0,14,0,0,LAR,1,13,30,0,-17,43,1,RB,2.8
DK Metcalf,SEA,0,0,0,0,0,0,0,0,0.0,0,0,0,0,5,3,47,1,28,0,0,LAR,1,13,30,0,-17,43,1,WR,13.7
Will Dissly,SEA,0,0,0,0,0,0,0,0,0.0,0,0,0,0,2,2,17,0,10,0,0,LAR,1,13,30,0,-17,43,1,TE,3.7
Jaxon Smith-Njigba,SEA,0,0,0,0,0,0,0,0,0.0,0,0,0,0,5,3,13,0,10,0,0,LAR,1,13,30,0,-17,43,1,WR,4.3
Tyler Lockett,SEA,0,0,0,0,0,0,0,0,0.0,0,0,0,0,4,2,10,0,5,0,0,LAR,1,13,30,0,-17,43,1,WR,3.0
Colby Parkinson,SEA,0,0,0,0,0,0,0,0,0.0,0,0,0,0,2,1,8,0,8,0,0,LAR,1,13,30,0,-17,43,1,TE,1.8
Bryce Young,CAR,20,38,146,1,2,2,19,14,48.8,3,17,0,16,0,0,0,0,0,1,0,ATL,0,10,24,0,-14,34,1,QB,9.54
Miles Sanders,CAR,0,0,0,0,0,0,0,0,0.0,18,72,0,10,6,4,26,0,11,1,1,ATL,0,10,24,0,-14,34,1,RB,12.8
Chuba Hubbard,CAR,0,0,0,0,0,0,0,0,0.0,9,60,0,21,2,2,9,0,7,0,0,ATL,0,10,24,0,-14,34,1,RB,8.9
Laviska Shenault,CAR,0,0,0,0,0,0,0,0,0.0,2,5,0,5,2,2,16,0,14,0,0,ATL,0,10,24,0,-14,34,1,WR,4.1
Hayden Hurst,CAR,0,0,0,0,0,0,0,0,0.0,0,0,0,0,7,5,41,1,14,0,0,ATL,0,10,24,0,-14,34,1,TE,15.1
Terrace Marshall,CAR,0,0,0,0,0,0,0,0,0.0,0,0,0,0,6,2,23,0,12,0,0,ATL,0,10,24,0,-14,34,1,WR,4.300000000000001
Jonathan Mingo,CAR,0,0,0,0,0,0,0,0,0.0,0,0,0,0,5,2,17,0,9,0,0,ATL,0,10,24,0,-14,34,1,WR,3.7
Adam Thielen,CAR,0,0,0,0,0,0,0,0,0.0,0,0,0,0,2,2,12,0,9,0,0,ATL,0,10,24,0,-14,34,1,WR,3.2
Giovanni Ricci,CAR,0,0,0,0,0,0,0,0,0.0,0,0,0,0,1,1,2,0,2,0,0,ATL,0,10,24,0,-14,34,1,TE,1.2
Desmond Ridder,ATL,15,18,115,1,0,4,24,34,111.8,1,-1,0,-1,1,1,-6,0,-6,1,0,CAR,1,24,10,1,14,34,1,QB,8.900000000000002
Tyler Allgeier,ATL,0,0,0,0,0,0,0,0,0.0,15,75,2,22,3,3,19,0,12,0,0,CAR,1,24,10,1,14,34,1,RB,24.4
Bijan Robinson,ATL,0,0,0,0,0,0,0,0,0.0,10,56,0,21,6,6,27,1,17,0,0,CAR,1,24,10,1,14,34,1,RB,20.3
Kyle Pitts,ATL,0,0,0,0,0,0,0,0,0.0,0,0,0,0,3,2,44,0,34,0,0,CAR,1,24,10,1,14,34,1,TE,6.4
Mack Hollins,ATL,0,0,0,0,0,0,0,0,0.0,0,0,0,0,4,3,31,0,11,0,0,CAR,1,24,10,1,14,34,1,WR,6.1
Drake London,ATL,0,0,0,0,0,0,0,0,0.0,0,0,0,0,1,0,0,0,0,0,0,CAR,1,24,10,1,14,34,1,WR,0.0
