Id,Position,First Name,Nickname,Last Name,FPPG,Played,Salary,Game,Team,Opponent,Injury Indicator,Injury Details,Tier,,,Roster Position
80468-89675,RB,Jonathan,Jonathan Taylor,Taylor,25.5,1,10000,IND@JAC,IND,JAC,,,,,,RB/FLEX
80468-79970,WR,Cooper,Cooper Kupp,Kupp,25.299999237060547,1,9700,ATL@LAR,LAR,ATL,,,,,,WR/FLEX
80468-55050,RB,Christian,Christian McCaffrey,McCaffrey,13.699999809265137,1,9000,CAR@NYG,CAR,NYG,,,,,,RB/FLEX
80468-45889,WR,Davante,Davante Adams,Adams,25.100000381469727,1,8800,ARI@LV,LV,ARI,,,,,,WR/FLEX
80468-64401,RB,Saquon,Saquon Barkley,Barkley,30.399999618530273,1,8800,CAR@NYG,NYG,CAR,,,,,,RB/FLEX
80468-85701,WR,Ja'Marr,Ja'Marr Chase,Chase,23.899999618530273,1,8700,CIN@DAL,CIN,DAL,,,,,,WR/FLEX
80468-53562,RB,Nick,Nick Chubb,Chubb,14.800000190734863,1,8500,NYJ@CLE,CLE,NYJ,,,,,,RB/FLEX
80468-63484,QB,Kyler,Kyler Murray,Murray,20.6200008392334,1,8500,ARI@LV,ARI,LV,,,,,,QB
80468-52442,RB,Joe,Joe Mixon,Mixon,18,1,8300,CIN@DAL,CIN,DAL,,,,,,RB/FLEX
80468-32384,WR,Mike,Mike Evans,Evans,15.600000381469727,1,8300,TB@NO,TB,NO,Q,Calf,,,,WR/FLEX
80468-91598,RB,D'Andre,D'Andre Swift,Swift,25,1,8200,WAS@DET,DET,WAS,Q,Ankle,,,,RB/FLEX
80468-63115,QB,Lamar,Lamar Jackson,Jackson,21.219999313354492,1,8200,MIA@BAL,BAL,MIA,,,,,,QB
80468-6498,QB,Tom,Tom Brady,Brady,11.380000114440918,1,8000,TB@NO,TB,NO,,,,,,QB
80468-53681,WR,Tyreek,Tyreek Hill,Hill,14,1,8000,MIA@BAL,MIA,BAL,,,,,,WR/FLEX
80468-56018,WR,Deebo,Deebo Samuel,Samuel,11.600000381469727,1,8000,SEA@SF,SF,SEA,,,,,,WR/FLEX
80468-63336,QB,Joe,Joe Burrow,Burrow,22.219999313354492,1,7900,CIN@DAL,CIN,DAL,,,,,,QB
80468-69213,WR,Michael,Michael Pittman Jr.,Pittman Jr.,22.600000381469727,1,7800,IND@JAC,IND,JAC,O,Quadriceps,,,,WR/FLEX
80468-52922,RB,Leonard,Leonard Fournette,Fournette,14.699999809265137,1,7800,TB@NO,TB,NO,Q,Hamstring,,,,RB/FLEX
80468-86631,WR,CeeDee,CeeDee Lamb,Lamb,3.9000000953674316,1,7700,CIN@DAL,DAL,CIN,,,,,,WR/FLEX
80468-31716,QB,Dak,Dak Prescott,Prescott,5.460000038146973,1,7700,CIN@DAL,DAL,CIN,O,Thumb,,,,QB
80468-6654,QB,Matthew,Matthew Stafford,Stafford,10.800000190734863,1,7600,ATL@LAR,LAR,ATL,,,,,,QB
80468-40687,RB,James,James Conner,Conner,14,1,7600,ARI@LV,ARI,LV,,,,,,RB/FLEX
80468-30733,RB,Cordarrelle,Cordarrelle Patterson,Patterson,21.100000381469727,1,7500,ATL@LAR,ATL,LAR,,,,,,RB/FLEX
80468-149696,QB,Trey,Trey Lance,Lance,10.960000038146973,1,7500,SEA@SF,SF,SEA,,,,,,QB
80468-54604,QB,Jimmy,Jimmy Garoppolo,Garoppolo,14.799999660915798,18,7500,SEA@SF,SF,SEA,,,,,,QB
80468-22015,QB,Russell,Russell Wilson,Wilson,17.799999237060547,1,7500,HOU@DEN,DEN,HOU,,,,,,QB
80468-86687,WR,Marquise,Marquise Brown,Brown,12.300000190734863,1,7400,ARI@LV,ARI,LV,,,,,,WR/FLEX
80468-70324,QB,Carson,Carson Wentz,Wentz,29.719999313354492,1,7400,WAS@DET,WAS,DET,,,,,,QB
80468-90933,RB,Antonio,Antonio Gibson,Gibson,16.5,1,7400,WAS@DET,WAS,DET,,,,,,RB/FLEX
80468-52436,TE,Mark,Mark Andrews,Andrews,7.699999809265137,1,7400,MIA@BAL,BAL,MIA,,,,,,TE/FLEX
80468-29358,QB,Marcus,Marcus Mariota,Mariota,19.799999237060547,1,7300,ATL@LAR,ATL,LAR,,,,,,QB
80468-45859,QB,Derek,Derek Carr,Carr,16.799999237060547,1,7300,ARI@LV,LV,ARI,,,,,,QB
80468-56250,WR,Terry,Terry McLaurin,McLaurin,12.800000190734863,1,7300,WAS@DET,WAS,DET,,,,,,WR/FLEX
80468-93541,RB,Javonte,Javonte Williams,Williams,14.300000190734863,1,7300,HOU@DEN,DEN,HOU,,,,,,RB/FLEX
80468-24849,QB,Jameis,Jameis Winston,Winston,21.65999984741211,1,7200,TB@NO,NO,TB,Q,Back,,,,QB
80468-90573,WR,Jaylen,Jaylen Waddle,Waddle,15.699999809265137,1,7200,MIA@BAL,MIA,BAL,,,,,,WR/FLEX
80468-90575,RB,Najee,Najee Harris,Harris,9.600000381469727,1,7200,NE@PIT,PIT,NE,,,,,,RB/FLEX
80468-42104,RB,Alvin,Alvin Kamara,Kamara,6.099999904632568,1,7200,TB@NO,NO,TB,Q,Ribs,,,,RB/FLEX
80468-63519,QB,Daniel,Daniel Jones,Jones,17.020000457763672,1,7100,CAR@NYG,NYG,CAR,,,,,,QB
80468-66008,WR,Diontae,Diontae Johnson,Johnson,9,1,7100,NE@PIT,PIT,NE,,,,,,WR/FLEX
80468-38791,RB,Ezekiel,Ezekiel Elliott,Elliott,5.400000095367432,1,7100,CIN@DAL,DAL,CIN,,,,,,RB/FLEX
80468-45229,RB,Kareem,Kareem Hunt,Hunt,21,1,7000,NYJ@CLE,CLE,NYJ,,,,,,RB/FLEX
80468-55635,WR,Chris,Chris Godwin,Godwin,5,1,7000,TB@NO,TB,NO,O,Hamstring,,,,WR/FLEX
80468-41535,QB,Baker,Baker Mayfield,Mayfield,19,1,7000,CAR@NYG,CAR,NYG,,,,,,QB
80468-89981,WR,Tee,Tee Higgins,Higgins,3.700000047683716,1,7000,CIN@DAL,CIN,DAL,Q,Concussion,,,,WR/FLEX
80468-28573,WR,Michael,Michael Thomas,Thomas,20.200000762939453,1,7000,TB@NO,NO,TB,,,,,,WR/FLEX
80468-92413,RB,Elijah,Elijah Mitchell,Mitchell,4.099999904632568,1,6900,SEA@SF,SF,SEA,IR,Knee - mcl,,,,RB/FLEX
80468-86997,WR,Amon-Ra,Amon-Ra St. Brown,St. Brown,16.399999618530273,1,6900,WAS@DET,DET,WAS,,,,,,WR/FLEX
80468-89951,QB,Trevor,Trevor Lawrence,Lawrence,14.399999618530273,1,6900,IND@JAC,JAC,IND,,,,,,QB
80468-57403,WR,Courtland,Courtland Sutton,Sutton,9.199999809265137,1,6800,HOU@DEN,DEN,HOU,,,,,,WR/FLEX
80468-25011,TE,Darren,Darren Waller,Waller,9.899999618530273,1,6800,ARI@LV,LV,ARI,,,,,,TE/FLEX
80468-90572,QB,Tua,Tua Tagovailoa,Tagovailoa,14.800000190734863,1,6800,MIA@BAL,MIA,BAL,,,,,,QB
80468-6616,QB,Matt,Matt Ryan,Ryan,16.280000686645508,1,6800,IND@JAC,IND,JAC,,,,,,QB
80468-130288,RB,James,James Robinson,Robinson,19.399999618530273,1,6800,IND@JAC,JAC,IND,,,,,,RB/FLEX
80468-73048,WR,DK,DK Metcalf,Metcalf,5.099999904632568,1,6800,SEA@SF,SEA,SF,,,,,,WR/FLEX
80468-29501,WR,Brandin,Brandin Cooks,Cooks,11.699999809265137,1,6700,HOU@DEN,HOU,DEN,,,,,,WR/FLEX
80468-38435,QB,Jared,Jared Goff,Goff,16.5,1,6700,WAS@DET,DET,WAS,,,,,,QB
80468-72731,RB,Josh,Josh Jacobs,Jacobs,7.800000190734863,1,6600,ARI@LV,LV,ARI,,,,,,RB/FLEX
80468-30231,QB,Jacoby,Jacoby Brissett,Brissett,10.880000114440918,1,6600,NYJ@CLE,CLE,NYJ,,,,,,QB
80468-40669,WR,Tyler,Tyler Boyd,Boyd,11.300000190734863,1,6600,CIN@DAL,CIN,DAL,,,,,,WR/FLEX
80468-57840,RB,Rashaad,Rashaad Penny,Penny,7.699999809265137,1,6500,SEA@SF,SEA,SF,,,,,,RB/FLEX
80468-60858,WR,Christian,Christian Kirk,Kirk,14.699999809265137,1,6500,IND@JAC,JAC,IND,,,,,,WR/FLEX
80468-38628,QB,Mitch,Mitch Trubisky,Trubisky,12.65999984741211,1,6500,NE@PIT,PIT,NE,,,,,,QB
80468-90406,QB,Zach,Zach Wilson,Wilson,12.527692354642427,13,6400,NYJ@CLE,NYJ,CLE,O,Knee - meniscus,,,,QB
80468-90584,QB,Mac,Mac Jones,Jones,9.520000457763672,1,6400,NE@PIT,NE,PIT,,,,,,QB
80468-6714,QB,Joe,Joe Flacco,Flacco,15.359999656677246,1,6400,NYJ@CLE,NYJ,CLE,,,,,,QB
80468-45631,RB,Jamaal,Jamaal Williams,Williams,15.5,1,6400,WAS@DET,DET,WAS,,,,,,RB/FLEX
80468-89628,QB,Davis,Davis Mills,Mills,15.5,1,6400,HOU@DEN,HOU,DEN,,,,,,QB
80468-40534,QB,Mike,Mike White,White,13.005000114440918,4,6400,NYJ@CLE,NYJ,CLE,,,,,,QB
80468-7872,QB,Brian,Brian Hoyer,Hoyer,2.4559999465942384,5,6400,NE@PIT,NE,PIT,,,,,,QB
80468-85845,WR,Rashod,Rashod Bateman,Bateman,12.899999618530273,1,6400,MIA@BAL,BAL,MIA,,,,,,WR/FLEX
80468-55552,RB,Jeff,Jeff Wilson Jr.,Wilson Jr.,4,1,6300,SEA@SF,SF,SEA,,,,,,RB/FLEX
80468-31001,WR,Amari,Amari Cooper,Cooper,3.200000047683716,1,6300,NYJ@CLE,CLE,NYJ,,,,,,WR/FLEX
80468-90561,WR,Jerry,Jerry Jeudy,Jeudy,18.200000762939453,1,6300,HOU@DEN,DEN,HOU,,,,,,WR/FLEX
80468-64051,QB,Drew,Drew Lock,Lock,8.896666844685873,6,6300,SEA@SF,SEA,SF,,,,,,QB
80468-26483,QB,Geno,Geno Smith,Smith,17.200000762939453,1,6300,SEA@SF,SEA,SF,,,,,,QB
80468-63589,QB,Sam,Sam Darnold,Darnold,14.18999989827474,12,6200,CAR@NYG,CAR,NYG,IR,Ankle,,,,QB
80468-27050,WR,Tyler,Tyler Lockett,Lockett,4.300000190734863,1,6200,SEA@SF,SEA,SF,,,,,,WR/FLEX
80468-33259,QB,Teddy,Teddy Bridgewater,Bridgewater,14.977142333984375,14,6200,MIA@BAL,MIA,BAL,,,,,,QB
80468-45565,TE,Taysom,Taysom Hill,Hill,14.800000190734863,1,6200,TB@NO,NO,TB,,,,,,TE/FLEX
80468-70157,RB,Darrell,Darrell Henderson Jr.,Henderson Jr.,9.800000190734863,1,6200,ATL@LAR,LAR,ATL,,,,,,RB/FLEX
80468-63043,WR,DJ,DJ Moore,Moore,6.5,1,6200,CAR@NYG,CAR,NYG,,,,,,WR/FLEX
80468-14194,QB,Blaine,Blaine Gabbert,Gabbert,0.33000000317891437,6,6200,TB@NO,TB,NO,,,,,,QB
80468-92020,QB,Kenny,Kenny Pickett,Pickett,,,6200,NE@PIT,PIT,NE,,,,,,QB
80468-14377,QB,Tyrod,Tyrod Taylor,Taylor,14.456666310628256,6,6100,CAR@NYG,NYG,CAR,,,,,,QB
80468-53331,QB,Taylor,Taylor Heinicke,Heinicke,14.835000038146973,16,6100,WAS@DET,WAS,DET,,,,,,QB
80468-86278,QB,Desmond,Desmond Ridder,Ridder,,,6100,ATL@LAR,ATL,LAR,,,,,,QB
80468-70051,QB,Tyler,Tyler Huntley,Huntley,12.377142769949776,7,6100,MIA@BAL,BAL,MIA,,,,,,QB
80468-31394,WR,Jarvis,Jarvis Landry,Landry,14.899999618530273,1,6100,TB@NO,NO,TB,,,,,,WR/FLEX
80468-39793,TE,George,George Kittle,Kittle,10.752941355985755,17,6100,SEA@SF,SF,SEA,Q,Groin,,,,TE/FLEX
80468-56192,QB,John,John Wolford,Wolford,-0.44999998807907104,2,6100,ATL@LAR,LAR,ATL,,,,,,QB
80468-11500,QB,Colt,Colt McCoy,McCoy,6.0428570338657925,7,6100,ARI@LV,ARI,LV,IR,Calf,,,,QB
80468-27986,QB,C.J.,C.J. Beathard,Beathard,0.7599999904632568,2,6100,IND@JAC,JAC,IND,,,,,,QB
80468-40407,QB,Joshua,Joshua Dobbs,Dobbs,,,6100,NYJ@CLE,CLE,NYJ,,,,,,QB
80468-22027,QB,Nick,Nick Foles,Foles,16.799999237060547,1,6100,IND@JAC,IND,JAC,,,,,,QB
80468-60947,QB,Jarrett,Jarrett Stidham,Stidham,,,6100,ARI@LV,LV,ARI,,,,,,QB
80468-40482,QB,Tim,Tim Boyle,Boyle,7.585000038146973,4,6100,WAS@DET,DET,WAS,,,,,,QB
80468-44715,QB,Cooper,Cooper Rush,Rush,2.559999942779541,1,6100,CIN@DAL,DAL,CIN,,,,,,QB
80468-52916,WR,Russell,Russell Gage,Gage,2.299999952316284,1,6100,TB@NO,TB,NO,Q,Hamstring,,,,WR/FLEX
80468-61157,QB,Brett,Brett Rypien,Rypien,0,1,6100,HOU@DEN,DEN,HOU,,,,,,QB
80468-53095,QB,Kyle,Kyle Allen,Allen,3.950000047683716,2,6100,HOU@DEN,HOU,DEN,,,,,,QB
80468-14225,QB,Andy,Andy Dalton,Dalton,11.649999618530273,8,6100,TB@NO,NO,TB,,,,,,QB
80468-104576,QB,Sam,Sam Howell,Howell,,,6000,WAS@DET,WAS,DET,,,,,,QB
80468-92362,QB,Levi,Levi Lewis,Lewis,,,6000,SEA@SF,SEA,SF,,,,,,QB
80468-28900,RB,Melvin,Melvin Gordon III,Gordon III,6.199999809265137,1,6000,HOU@DEN,DEN,HOU,,,,,,RB/FLEX
80468-170252,QB,Felix,Felix Harper,Harper,,,6000,NYJ@CLE,CLE,NYJ,,,,,,QB
80468-61751,QB,Josh,Josh Thomas,Thomas,,,6000,ARI@LV,ARI,LV,,,,,,QB
80468-84287,QB,Luis,Luis Perez,Perez,,,6000,ATL@LAR,LAR,ATL,,,,,,QB
80468-69956,WR,Michael,Michael Gallup,Gallup,8.222222222222221,9,6000,CIN@DAL,DAL,CIN,O,Knee - acl,,,,WR/FLEX
80468-92560,QB,Sam,Sam Ehlinger,Ehlinger,0.29999999205271405,3,6000,IND@JAC,IND,JAC,,,,,,QB
80468-31170,QB,Brandon,Brandon Allen,Allen,2.7719999313354493,5,6000,CIN@DAL,CIN,DAL,,,,,,QB
80468-53729,QB,Mason,Mason Rudolph,Rudolph,9.6899995803833,2,6000,NE@PIT,PIT,NE,,,,,,QB
80468-72241,QB,Drew,Drew Plitt,Plitt,,,6000,CIN@DAL,CIN,DAL,,,,,,QB
80468-88630,QB,Matt,Matt Corral,Corral,,,6000,CAR@NYG,CAR,NYG,IR,Foot,,,,QB
80468-94797,QB,Kellen,Kellen Mond,Mond,0.20000000298023224,1,6000,NYJ@CLE,CLE,NYJ,,,,,,QB
80468-139985,QB,Bailey,Bailey Zappe,Zappe,,,6000,NE@PIT,NE,PIT,,,,,,QB
80468-29445,QB,Sean,Sean Mannion,Mannion,12.960000038146973,1,6000,SEA@SF,SEA,SF,,,,,,QB
80468-41827,QB,P.J.,P.J. Walker,Walker,3.3560001373291017,5,6000,CAR@NYG,CAR,NYG,,,,,,QB
80468-33647,QB,Kyle,Kyle Sloter,Sloter,,,6000,IND@JAC,JAC,IND,,,,,,QB
80468-39795,QB,Davis,Davis Webb,Webb,-0.30000001192092896,1,6000,CAR@NYG,NYG,CAR,,,,,,QB
80468-62364,QB,Josh,Josh Rosen,Rosen,-0.41333333651224774,3,6000,NYJ@CLE,CLE,NYJ,,,,,,QB
80468-33702,QB,Ryan,Ryan Griffin,Griffin,,,6000,TB@NO,TB,NO,,,,,,QB
80468-93103,QB,E.J.,E.J. Perry,Perry,,,6000,IND@JAC,JAC,IND,,,,,,QB
80468-56286,QB,Trace,Trace McSorley,McSorley,2.4800000190734863,1,6000,ARI@LV,ARI,LV,,,,,,QB
80468-29715,QB,Kevin,Kevin Hogan,Hogan,,,6000,HOU@DEN,HOU,DEN,,,,,,QB
80468-64576,RB,Damien,Damien Harris,Harris,6.800000190734863,1,6000,NE@PIT,NE,PIT,,,,,,RB/FLEX
80468-62566,QB,Travis,Travis Jonsen,Jonsen,,,6000,TB@NO,TB,NO,,,,,,QB
80468-52342,QB,Will,Will Grier,Grier,,,6000,CIN@DAL,DAL,CIN,,,,,,QB
80468-64637,QB,Brian,Brian Lewerke,Lewerke,,,6000,CAR@NYG,NYG,CAR,,,,,,QB
80468-83081,RB,Chase,Chase Edmonds,Edmonds,8.5,1,6000,MIA@BAL,MIA,BAL,,,,,,RB/FLEX
80468-27801,QB,Nate,Nate Sudfeld,Sudfeld,,,6000,WAS@DET,DET,WAS,,,,,,QB
80468-72863,QB,Armani,Armani Rogers,Rogers,2.799999952316284,1,6000,WAS@DET,WAS,DET,,,,,,QB
80468-29915,QB,Brett,Brett Hundley,Hundley,,,6000,MIA@BAL,BAL,MIA,,,,,,QB
80468-52451,RB,Samaje,Samaje Perine,Perine,5.199999809265137,1,6000,CIN@DAL,CIN,DAL,,,,,,RB/FLEX
80468-91468,QB,Chase,Chase Garbers,Garbers,,,6000,ARI@LV,LV,ARI,,,,,,QB
80468-60787,QB,Bryce,Bryce Perkins,Perkins,,,6000,ATL@LAR,LAR,ATL,,,,,,QB
80468-73111,WR,Chase,Chase Claypool,Claypool,7.400000095367432,1,6000,NE@PIT,PIT,NE,,,,,,WR/FLEX
80468-71077,QB,Cole,Cole Kelley,Kelley,,,6000,WAS@DET,WAS,DET,,,,,,QB
80468-60840,QB,Jake,Jake Browning,Browning,,,6000,CIN@DAL,CIN,DAL,,,,,,QB
80468-30253,QB,Jeff,Jeff Driskel,Driskel,0.5,1,6000,HOU@DEN,HOU,DEN,,,,,,QB
80468-89658,QB,Jack,Jack Coan,Coan,,,6000,IND@JAC,IND,JAC,,,,,,QB
80468-71232,QB,D'Eriq,D'Eriq King,King,,,6000,NE@PIT,NE,PIT,,,,,,QB
80468-71242,QB,Jarrett,Jarrett Guarantano,Guarantano,,,6000,ARI@LV,ARI,LV,,,,,,QB
80468-54879,QB,Deshaun,Deshaun Watson,Watson,,,6000,NYJ@CLE,CLE,NYJ,IR,Suspension,,,,QB
80468-85607,QB,Brock,Brock Purdy,Purdy,,,6000,SEA@SF,SF,SEA,,,,,,QB
80468-69294,QB,Skylar,Skylar Thompson,Thompson,,,6000,MIA@BAL,MIA,BAL,,,,,,QB
80468-69302,QB,Feleipe,Feleipe Franks,Franks,-0.13333333532015482,3,6000,ATL@LAR,ATL,LAR,,,,,,QB
80468-69304,QB,Kyle,Kyle Trask,Trask,,,6000,TB@NO,TB,NO,,,,,,QB
80468-52929,QB,Jake,Jake Luton,Luton,,,6000,TB@NO,NO,TB,,,,,,QB
80468-69333,QB,Jacob,Jacob Eason,Eason,0,1,6000,CAR@NYG,CAR,NYG,,,,,,QB
80468-87787,RB,J.K.,J.K. Dobbins,Dobbins,,,6000,MIA@BAL,BAL,MIA,Q,Knee - acl,,,,RB/FLEX
80468-8023,QB,Josh,Josh Johnson,Johnson,12.079999923706055,4,6000,HOU@DEN,DEN,HOU,,,,,,QB
80468-38767,QB,Chris,Chris Streveler,Streveler,1.0199999809265137,2,6000,NYJ@CLE,NYJ,CLE,,,,,,QB
80468-169852,QB,Davis,Davis Cheek,Cheek,,,6000,CAR@NYG,CAR,NYG,,,,,,QB
80468-69597,QB,Anthony,Anthony Brown,Brown,,,6000,MIA@BAL,BAL,MIA,,,,,,QB
80468-63469,QB,Ben,Ben DiNucci,DiNucci,,,6000,CIN@DAL,DAL,CIN,,,,,,QB
80468-71672,QB,K.J.,K.J. Costello,Costello,,,6000,TB@NO,NO,TB,,,,,,QB
80468-86080,TE,Kyle,Kyle Pitts,Pitts,2.9000000953674316,1,5900,ATL@LAR,ATL,LAR,,,,,,TE/FLEX
80468-45439,WR,Corey,Corey Davis,Davis,10.699999809265137,1,5900,NYJ@CLE,NYJ,CLE,,,,,,WR/FLEX
80468-103064,RB,Breece,Breece Hall,Hall,7.099999904632568,1,5900,NYJ@CLE,NYJ,CLE,,,,,,RB/FLEX
80468-93539,RB,Michael,Michael Carter,Carter,13.5,1,5900,NYJ@CLE,NYJ,CLE,,,,,,RB/FLEX
80468-71032,WR,Devin,Devin Duvernay,Duvernay,19.399999618530273,1,5900,MIA@BAL,BAL,MIA,,,,,,WR/FLEX
80468-26251,WR,Robbie,Robbie Anderson,Anderson,18.700000762939453,1,5900,CAR@NYG,CAR,NYG,,,,,,WR/FLEX
80468-88575,WR,Elijah,Elijah Moore,Moore,7.400000095367432,1,5800,NYJ@CLE,NYJ,CLE,,,,,,WR/FLEX
80468-27338,RB,Rex,Rex Burkhead,Burkhead,9.5,1,5800,HOU@DEN,HOU,DEN,,,,,,RB/FLEX
80468-27477,WR,Sterling,Sterling Shepard,Shepard,14.100000381469727,1,5800,CAR@NYG,NYG,CAR,,,,,,WR/FLEX
80468-91426,WR,Donovan,Donovan Peoples-Jones,Peoples-Jones,9,1,5800,NYJ@CLE,CLE,NYJ,,,,,,WR/FLEX
80468-89956,RB,Travis,Travis Etienne Jr.,Etienne Jr.,7.5,1,5800,IND@JAC,JAC,IND,,,,,,RB/FLEX
80468-71706,TE,T.J.,T.J. Hockenson,Hockenson,5.800000190734863,1,5700,WAS@DET,DET,WAS,,,,,,TE/FLEX
80468-63759,RB,Tony,Tony Pollard,Pollard,3.200000047683716,1,5700,CIN@DAL,DAL,CIN,,,,,,RB/FLEX
80468-137902,RB,Rachaad,Rachaad White,White,3.0999999046325684,1,5700,TB@NO,TB,NO,,,,,,RB/FLEX
80468-52613,WR,Curtis,Curtis Samuel,Samuel,15.199999809265137,1,5700,WAS@DET,WAS,DET,,,,,,WR/FLEX
80468-52917,WR,DJ,DJ Chark Jr.,Chark Jr.,13.199999809265137,1,5700,WAS@DET,DET,WAS,,,,,,WR/FLEX
80468-85798,WR,Brandon,Brandon Aiyuk,Aiyuk,5.699999809265137,1,5700,SEA@SF,SF,SEA,,,,,,WR/FLEX
80468-14190,WR,Julio,Julio Jones,Jones,10.100000381469727,1,5700,TB@NO,TB,NO,Q,Knee,,,,WR/FLEX
80468-94087,RB,DeeJay,DeeJay Dallas,Dallas,0,1,5700,SEA@SF,SEA,SF,,,,,,RB/FLEX
80468-28643,WR,Allen,Allen Robinson II,Robinson II,1.7000000476837158,1,5700,ATL@LAR,LAR,ATL,,,,,,WR/FLEX
80468-86055,RB,Dameon,Dameon Pierce,Pierce,4.400000095367432,1,5600,HOU@DEN,HOU,DEN,,,,,,RB/FLEX
80468-112745,WR,Drake,Drake London,London,9.899999618530273,1,5600,ATL@LAR,ATL,LAR,,,,,,WR/FLEX
80468-30989,RB,Kenyan,Kenyan Drake,Drake,5.099999904632568,1,5600,MIA@BAL,BAL,MIA,,,,,,RB/FLEX
80468-57986,WR,Hunter,Hunter Renfrow,Renfrow,3.5999999046325684,1,5600,ARI@LV,LV,ARI,,,,,,WR/FLEX
80468-111540,RB,Rhamondre,Rhamondre Stevenson,Stevenson,3.700000047683716,1,5600,NE@PIT,NE,PIT,,,,,,RB/FLEX
80468-55042,TE,Dalton,Dalton Schultz,Schultz,9.699999809265137,1,5600,CIN@DAL,DAL,CIN,,,,,,TE/FLEX
80468-63625,RB,Nyheim,Nyheim Hines,Hines,8.399999618530273,1,5500,IND@JAC,IND,JAC,,,,,,RB/FLEX
80468-63634,WR,Jakobi,Jakobi Meyers,Meyers,8.199999809265137,1,5500,NE@PIT,NE,PIT,,,,,,WR/FLEX
80468-86229,WR,Jahan,Jahan Dotson,Dotson,16.5,1,5500,WAS@DET,WAS,DET,,,,,,WR/FLEX
80468-53498,WR,Richie,Richie James Jr.,James Jr.,8.600000381469727,1,5500,CAR@NYG,NYG,CAR,,,,,,WR/FLEX
80468-41305,WR,Zay,Zay Jones,Jones,9.5,1,5500,IND@JAC,JAC,IND,,,,,,WR/FLEX
80468-33260,WR,DeVante,DeVante Parker,Parker,1.399999976158142,1,5500,NE@PIT,NE,PIT,,,,,,WR/FLEX
80468-103342,RB,Kenneth,Kenneth Walker III,Walker III,,,5500,SEA@SF,SEA,SF,,,,,,RB/FLEX
80468-89230,RB,Cam,Cam Akers,Akers,0,1,5500,ATL@LAR,LAR,ATL,,,,,,RB/FLEX
80468-112057,RB,Jaylen,Jaylen Warren,Warren,0.699999988079071,1,5500,NE@PIT,PIT,NE,,,,,,RB/FLEX
80468-69558,WR,Greg,Greg Dortch,Dortch,9.800000190734863,1,5500,ARI@LV,ARI,LV,,,,,,WR/FLEX
80468-170214,WR,Dennis,Dennis Houston,Houston,2.5999999046325684,1,5400,CIN@DAL,DAL,CIN,,,,,,WR/FLEX
80468-86244,TE,Pat,Pat Freiermuth,Freiermuth,10,1,5400,NE@PIT,PIT,NE,,,,,,TE/FLEX
80468-54244,WR,Kenny,Kenny Golladay,Golladay,3.200000047683716,1,5400,CAR@NYG,NYG,CAR,,,,,,WR/FLEX
80468-103564,WR,Garrett,Garrett Wilson,Wilson,7.199999809265137,1,5400,NYJ@CLE,NYJ,CLE,,,,,,WR/FLEX
80468-22103,WR,Marvin,Marvin Jones Jr.,Jones Jr.,5.800000190734863,1,5400,IND@JAC,JAC,IND,,,,,,WR/FLEX
80468-63078,RB,Ke'Shawn,Ke'Shawn Vaughn,Vaughn,6.828571319580078,7,5400,TB@NO,TB,NO,,,,,,RB/FLEX
80468-71444,RB,Travis,Travis Homer,Homer,0.20000000298023224,1,5400,SEA@SF,SEA,SF,,,,,,RB/FLEX
80468-14187,WR,A.J.,A.J. Green,Green,2.299999952316284,1,5400,ARI@LV,ARI,LV,,,,,,WR/FLEX
80468-28744,RB,Raheem,Raheem Mostert,Mostert,3.700000047683716,1,5300,MIA@BAL,MIA,BAL,,,,,,RB/FLEX
80468-61593,WR,Jauan,Jauan Jennings,Jennings,8.199999809265137,1,5300,SEA@SF,SF,SEA,,,,,,WR/FLEX
80468-55694,WR,Mike,Mike Thomas,Thomas,3,1,5300,CIN@DAL,CIN,DAL,,,,,,WR/FLEX
80468-64031,TE,Hayden,Hayden Hurst,Hurst,7.099999904632568,1,5300,CIN@DAL,CIN,DAL,,,,,,TE/FLEX
80468-47870,TE,Tyler,Tyler Higbee,Higbee,6.400000095367432,1,5300,ATL@LAR,LAR,ATL,,,,,,TE/FLEX
80468-93408,WR,Rondale,Rondale Moore,Moore,5.853333536783854,15,5300,ARI@LV,ARI,LV,O,Hamstring,,,,WR/FLEX
80468-70889,RB,Benny,Benny Snell Jr.,Snell Jr.,1.1571429116385323,14,5300,NE@PIT,PIT,NE,,,,,,RB/FLEX
80468-87770,WR,Chris,Chris Olave,Olave,7.599999904632568,1,5300,TB@NO,NO,TB,,,,,,WR/FLEX
80468-14211,RB,Mark,Mark Ingram II,Ingram II,0.800000011920929,1,5300,TB@NO,NO,TB,Q,Ankle,,,,RB/FLEX
80468-43334,RB,J.D.,J.D. McKissic,McKissic,6.300000190734863,1,5200,WAS@DET,WAS,DET,,,,,,RB/FLEX
80468-25290,RB,Giovani,Giovani Bernard,Bernard,5.366666793823242,12,5200,TB@NO,TB,NO,,,,,,RB/FLEX
80468-56248,WR,Noah,Noah Brown,Brown,9.300000190734863,1,5200,CIN@DAL,DAL,CIN,,,,,,WR/FLEX
80468-56265,TE,Mike,Mike Gesicki,Gesicki,0.6000000238418579,1,5200,MIA@BAL,MIA,BAL,,,,,,TE/FLEX
80468-64496,WR,Olamide,Olamide Zaccheaus,Zaccheaus,4.900000095367432,1,5200,ATL@LAR,ATL,LAR,,,,,,WR/FLEX
80468-29780,TE,Zach,Zach Ertz,Ertz,10.399999618530273,1,5200,ARI@LV,ARI,LV,,,,,,TE/FLEX
80468-104012,WR,Ashton,Ashton Dulin,Dulin,6.099999904632568,1,5200,IND@JAC,IND,JAC,,,,,,WR/FLEX
80468-26355,TE,Logan,Logan Thomas,Thomas,6,1,5200,WAS@DET,WAS,DET,,,,,,TE/FLEX
80468-86052,WR,Kadarius,Kadarius Toney,Toney,2.299999952316284,1,5100,CAR@NYG,NYG,CAR,Q,Hamstring,,,,WR/FLEX
80468-53303,RB,Matt,Matt Breida,Breida,2.4000000953674316,1,5100,CAR@NYG,NYG,CAR,,,,,,RB/FLEX
80468-86192,WR,KJ,KJ Hamler,Hamler,0,1,5100,HOU@DEN,DEN,HOU,O,Knee,,,,WR/FLEX
80468-56262,WR,Parris,Parris Campbell,Campbell,5.199999809265137,1,5100,IND@JAC,IND,JAC,,,,,,WR/FLEX
80468-29683,WR,Nelson,Nelson Agholor,Agholor,2.299999952316284,1,5100,NE@PIT,NE,PIT,,,,,,WR/FLEX
80468-60451,TE,Tyler,Tyler Conklin,Conklin,9.600000381469727,1,5100,NYJ@CLE,NYJ,CLE,,,,,,TE/FLEX
80468-70859,TE,Albert,Albert Okwuegbunam,Okwuegbunam,5.800000190734863,1,5100,HOU@DEN,DEN,HOU,,,,,,TE/FLEX
80468-91419,WR,Nico,Nico Collins,Collins,3.5999999046325684,1,5100,HOU@DEN,HOU,DEN,,,,,,WR/FLEX
80468-38264,WR,Demarcus,Demarcus Robinson,Robinson,2.9000000953674316,1,5100,MIA@BAL,BAL,MIA,,,,,,WR/FLEX
80468-71105,WR,Ben,Ben Skowronek,Skowronek,4.5,1,5100,ATL@LAR,LAR,ATL,,,,,,WR/FLEX
80468-40845,TE,Hunter,Hunter Henry,Henry,3,1,5100,NE@PIT,NE,PIT,,,,,,TE/FLEX
80468-30635,RB,Mike,Mike Davis,Davis,1.100000023841858,1,5100,MIA@BAL,BAL,MIA,,,,,,RB/FLEX
80468-69581,WR,Cedrick,Cedrick Wilson Jr.,Wilson Jr.,3.799999952316284,1,5100,MIA@BAL,MIA,BAL,Q,Toe,,,,WR/FLEX
80468-71705,TE,Noah,Noah Fant,Fant,3.0999999046325684,1,5000,SEA@SF,SEA,SF,,,,,,TE/FLEX
80468-88277,RB,Anthony,Anthony McFarland Jr.,McFarland Jr.,0.949999988079071,2,5000,NE@PIT,PIT,NE,,,,,,RB/FLEX
80468-16606,WR,DeAndre,DeAndre Hopkins,Hopkins,12.61999969482422,10,5000,ARI@LV,ARI,LV,IR,Suspension,,,,WR/FLEX
80468-12547,D,Pittsburgh,Pittsburgh Steelers,Steelers,26,1,5000,NE@PIT,PIT,NE,,,,,,DEF
80468-33047,WR,Chris,Chris Moore,Moore,4.599999904632568,1,5000,HOU@DEN,HOU,DEN,,,,,,WR/FLEX
80468-63819,WR,Darius,Darius Slayton,Slayton,4.276922959547776,13,5000,CAR@NYG,NYG,CAR,,,,,,WR/FLEX
80468-39286,TE,O.J.,O.J. Howard,Howard,16.799999237060547,1,5000,HOU@DEN,HOU,DEN,,,,,,TE/FLEX
80468-80289,WR,Kendrick,Kendrick Bourne,Bourne,4.599999904632568,1,5000,NE@PIT,NE,PIT,,,,,,WR/FLEX
80468-55748,WR,James,James Washington,Washington,4.03125,16,5000,CIN@DAL,DAL,CIN,IR,Foot,,,,WR/FLEX
80468-88548,WR,Jalen,Jalen Tolbert,Tolbert,,,5000,CIN@DAL,DAL,CIN,,,,,,WR/FLEX
80468-102893,RB,Tyrion,Tyrion Davis-Price,Davis-Price,,,5000,SEA@SF,SF,SEA,,,,,,RB/FLEX
80468-72182,WR,Dee,Dee Eskridge,Eskridge,0.5,1,5000,SEA@SF,SEA,SF,,,,,,WR/FLEX
80468-64581,WR,Van,Van Jefferson,Jefferson,7.590475899832589,21,5000,ATL@LAR,LAR,ATL,O,Knee,,,,WR/FLEX
80468-40167,RB,Gus,Gus Edwards,Edwards,,,5000,MIA@BAL,BAL,MIA,NA,Knee - acl,,,,RB/FLEX
80468-85306,WR,KhaDarel,KhaDarel Hodge,Hodge,5.300000190734863,1,5000,ATL@LAR,ATL,LAR,,,,,,WR/FLEX
80468-73130,RB,Chris,Chris Evans,Evans,3.415384732759916,13,5000,CIN@DAL,CIN,DAL,,,,,,RB/FLEX
80468-91677,WR,Shi,Shi Smith,Smith,1.7000000476837158,1,5000,CAR@NYG,CAR,NYG,Q,Groin,,,,WR/FLEX
80468-110246,WR,George,George Pickens,Pickens,0.800000011920929,1,5000,NE@PIT,PIT,NE,,,,,,WR/FLEX
80468-55335,TE,David,David Njoku,Njoku,1.2000000476837158,1,4900,NYJ@CLE,CLE,NYJ,,,,,,TE/FLEX
80468-149710,WR,Mike,Mike Strachan,Strachan,4.599999904632568,1,4900,IND@JAC,IND,JAC,,,,,,WR/FLEX
80468-12549,D,San Francisco,San Francisco 49ers,49ers,5,1,4900,SEA@SF,SF,SEA,,,,,,DEF
80468-22898,RB,Brandon,Brandon Bolden,Bolden,9.800000190734863,1,4900,ARI@LV,LV,ARI,D,Hamstring,,,,RB/FLEX
80468-41872,TE,Evan,Evan Engram,Engram,4.800000190734863,1,4900,IND@JAC,JAC,IND,,,,,,TE/FLEX
80468-29734,RB,Ty,Ty Montgomery,Montgomery,8.800000190734863,1,4900,NE@PIT,NE,PIT,IR,Knee,,,,RB/FLEX
80468-52495,WR,Braxton,Braxton Berrios,Berrios,6.199999809265137,1,4900,NYJ@CLE,NYJ,CLE,Q,Heel,,,,WR/FLEX
80468-54782,TE,Cameron,Cameron Brate,Brate,1.2000000476837158,1,4900,TB@NO,TB,NO,,,,,,TE/FLEX
80468-89613,WR,Simi,Simi Fehoko,Fehoko,2.200000047683716,1,4900,CIN@DAL,DAL,CIN,,,,,,WR/FLEX
80468-87662,WR,Anthony,Anthony Schwartz,Schwartz,4.400000095367432,1,4900,NYJ@CLE,CLE,NYJ,,,,,,WR/FLEX
80468-85762,RB,Eno,Eno Benjamin,Benjamin,7.599999904632568,1,4900,ARI@LV,ARI,LV,,,,,,RB/FLEX
80468-71521,RB,Justice,Justice Hill,Hill,2.0999999046325684,1,4900,MIA@BAL,BAL,MIA,,,,,,RB/FLEX
80468-53097,WR,Josh,Josh Reynolds,Reynolds,3.299999952316284,1,4900,WAS@DET,DET,WAS,,,,,,WR/FLEX
80468-12531,D,Denver,Denver Broncos,Broncos,5,1,4800,HOU@DEN,DEN,HOU,,,,,,DEF
80468-86312,WR,Alec,Alec Pierce,Pierce,0,1,4800,IND@JAC,IND,JAC,O,Concussion,,,,WR/FLEX
80468-62055,WR,Ray-Ray,Ray-Ray McCloud III,McCloud III,2.5,1,4800,SEA@SF,SF,SEA,,,,,,WR/FLEX
80468-25267,WR,Mack,Mack Hollins,Hollins,2.0999999046325684,1,4800,ARI@LV,LV,ARI,,,,,,WR/FLEX
80468-27441,RB,Damien,Damien Williams,Williams,0.20000000298023224,1,4800,ATL@LAR,ATL,LAR,IR,Ribs,,,,RB/FLEX
80468-114180,WR,David,David Bell,Bell,,,4800,NYJ@CLE,CLE,NYJ,,,,,,WR/FLEX
80468-69276,WR,Bryan,Bryan Edwards,Edwards,0,1,4800,ATL@LAR,ATL,LAR,,,,,,WR/FLEX
80468-104176,WR,Deonte,Deonte Harty,Harty,0.8999999761581421,1,4800,TB@NO,NO,TB,,,,,,WR/FLEX
80468-61273,WR,Scotty,Scotty Miller,Miller,3.075000047683716,8,4800,TB@NO,TB,NO,,,,,,WR/FLEX
80468-63419,WR,Andy,Andy Isabella,Isabella,1.5,1,4800,ARI@LV,ARI,LV,O,Back,,,,WR/FLEX
80468-24533,TE,Mo,Mo Alie-Cox,Alie-Cox,3.5999999046325684,1,4800,IND@JAC,IND,JAC,,,,,,TE/FLEX
80468-63447,WR,Penny,Penny Hart,Hart,1.0444444020589192,9,4800,SEA@SF,SEA,SF,,,,,,WR/FLEX
80468-79979,WR,Jamal,Jamal Agnew,Agnew,1.7000000476837158,1,4700,IND@JAC,JAC,IND,,,,,,WR/FLEX
80468-79998,WR,Keelan,Keelan Cole,Cole,4.635714394705636,14,4700,ARI@LV,LV,ARI,,,,,,WR/FLEX
80468-12529,D,Cleveland,Cleveland Browns,Browns,6,1,4700,NYJ@CLE,CLE,NYJ,,,,,,DEF
80468-55830,RB,D'Onta,D'Onta Foreman,Foreman,0.5,1,4700,CAR@NYG,CAR,NYG,,,,,,RB/FLEX
80468-45791,WR,Rashard,Rashard Higgins,Higgins,3.7916666666666665,12,4700,CAR@NYG,CAR,NYG,,,,,,WR/FLEX
80468-56059,WR,Trent,Trent Sherfield,Sherfield,1.2999999523162842,1,4700,MIA@BAL,MIA,BAL,,,,,,WR/FLEX
80468-70422,WR,Kalif,Kalif Raymond,Raymond,0,1,4700,WAS@DET,DET,WAS,,,,,,WR/FLEX
80468-92976,WR,Tutu,Tutu Atwell,Atwell,0,1,4700,ATL@LAR,LAR,ATL,,,,,,WR/FLEX
80468-70601,TE,Harrison,Harrison Bryant,Bryant,2.799999952316284,1,4700,NYJ@CLE,CLE,NYJ,,,,,,TE/FLEX
80468-48116,TE,Jonnu,Jonnu Smith,Smith,4.800000190734863,1,4700,NE@PIT,NE,PIT,,,,,,TE/FLEX
80468-72772,RB,Avery,Avery Williams,Williams,2,1,4700,ATL@LAR,ATL,LAR,,,,,,RB/FLEX
80468-68712,WR,Tyler,Tyler Johnson,Johnson,3.588235294117647,17,4700,HOU@DEN,HOU,DEN,,,,,,WR/FLEX
80468-52345,WR,Brandon,Brandon Powell,Powell,1.7999999523162842,1,4700,ATL@LAR,LAR,ATL,,,,,,WR/FLEX
80468-27776,RB,Tevin,Tevin Coleman,Coleman,4.181818181818182,11,4700,NYJ@CLE,NYJ,CLE,,,,,,RB/FLEX
80468-87467,RB,Chuba,Chuba Hubbard,Hubbard,0.30000001192092896,1,4700,CAR@NYG,CAR,NYG,,,,,,RB/FLEX
80468-71143,TE,Kylen,Kylen Granson,Granson,3.700000047683716,1,4700,IND@JAC,IND,JAC,,,,,,TE/FLEX
80468-32243,WR,Marquise,Marquise Goodwin,Goodwin,3.200000047683716,1,4700,SEA@SF,SEA,SF,,,,,,WR/FLEX
80468-34295,WR,Breshad,Breshad Perriman,Perriman,-0.699999988079071,1,4700,TB@NO,TB,NO,Q,Knee,,,,WR/FLEX
80468-60957,WR,KaVontae,KaVontae Turpin,Turpin,0,1,4700,CIN@DAL,DAL,CIN,,,,,,WR/FLEX
80468-71246,WR,Marquez,Marquez Callaway,Callaway,7.576470767750459,17,4700,TB@NO,NO,TB,,,,,,WR/FLEX
80468-61042,WR,Kendall,Kendall Hinton,Hinton,2.8218182650479404,11,4700,HOU@DEN,DEN,HOU,,,,,,WR/FLEX
80468-61072,WR,Stanley,Stanley Morgan,Morgan,0.6000000238418579,4,4700,CIN@DAL,CIN,DAL,,,,,,WR/FLEX
80468-30403,WR,Chris,Chris Conley,Conley,0,1,4700,HOU@DEN,HOU,DEN,,,,,,WR/FLEX
80468-63186,WR,James,James Proche II,Proche II,4.028571537562779,7,4700,MIA@BAL,BAL,MIA,D,Groin,,,,WR/FLEX
80468-87859,WR,Laviska,Laviska Shenault Jr.,Shenault Jr.,5.96875,16,4700,CAR@NYG,CAR,NYG,,,,,,WR/FLEX
80468-94094,TE,Brevin,Brevin Jordan,Jordan,1,1,4700,HOU@DEN,HOU,DEN,Q,Ankle,,,,TE/FLEX
80468-88109,RB,Gary,Gary Brightwell,Brightwell,0,1,4600,CAR@NYG,NYG,CAR,,,,,,RB/FLEX
80468-79920,WR,Cyril,Cyril Grayson Jr.,Grayson Jr.,13.199999491373697,3,4600,TB@NO,TB,NO,Q,Undisclosed,,,,WR/FLEX
80468-28827,RB,Dare,Dare Ogunbowale,Ogunbowale,4.3599998474121096,10,4600,HOU@DEN,HOU,DEN,,,,,,RB/FLEX
80468-57543,RB,D'Ernest,D'Ernest Johnson,Johnson,7.883333206176758,12,4600,NYJ@CLE,CLE,NYJ,,,,,,RB/FLEX
80468-57565,RB,Austin,Austin Walter,Walter,4.5,4,4600,ARI@LV,LV,ARI,,,,,,RB/FLEX
80468-149742,RB,Nate,Nate McCrary,McCrary,-0.10000000149011612,1,4600,MIA@BAL,BAL,MIA,,,,,,RB/FLEX
80468-12538,D,Los Angeles,Los Angeles Rams,Rams,9,1,4600,ATL@LAR,LAR,ATL,,,,,,DEF
80468-71957,WR,Quintez,Quintez Cephus,Cephus,8.38000030517578,5,4600,WAS@DET,DET,WAS,,,,,,WR/FLEX
80468-90408,WR,Dax,Dax Milne,Milne,0,1,4600,WAS@DET,WAS,DET,,,,,,WR/FLEX
80468-90428,RB,Tyler,Tyler Allgeier,Allgeier,,,4600,ATL@LAR,ATL,LAR,,,,,,RB/FLEX
80468-90533,RB,Jerome,Jerome Ford,Ford,0,1,4600,NYJ@CLE,CLE,NYJ,,,,,,RB/FLEX
80468-92606,WR,Bo,Bo Melton,Melton,,,4600,SEA@SF,SEA,SF,,,,,,WR/FLEX
80468-90562,RB,Brian,Brian Robinson Jr.,Robinson Jr.,,,4600,WAS@DET,WAS,DET,IR,Knee,,,,RB/FLEX
80468-72133,WR,Antoine,Antoine Wesley,Wesley,5.588888804117839,9,4600,ARI@LV,ARI,LV,IR,Hip,,,,WR/FLEX
80468-41426,RB,Phillip,Phillip Lindsay,Lindsay,3.1000001089913503,14,4600,IND@JAC,IND,JAC,,,,,,RB/FLEX
80468-31207,TE,C.J.,C.J. Uzomah,Uzomah,6.594999694824219,20,4600,NYJ@CLE,NYJ,CLE,D,Hamstring,,,,TE/FLEX
80468-72297,RB,Rico,Rico Dowdle,Dowdle,,,4600,CIN@DAL,DAL,CIN,,,,,,RB/FLEX
80468-88699,RB,Jaret,Jaret Patterson,Patterson,3.6357143947056363,14,4600,WAS@DET,WAS,DET,,,,,,RB/FLEX
80468-70282,WR,Demetric,Demetric Felton,Felton,0,1,4600,NYJ@CLE,CLE,NYJ,,,,,,WR/FLEX
80468-55970,RB,Royce,Royce Freeman,Freeman,2.6909091255881568,11,4600,HOU@DEN,HOU,DEN,,,,,,RB/FLEX
80468-94887,RB,Tyler,Tyler Badie,Badie,,,4600,MIA@BAL,BAL,MIA,,,,,,RB/FLEX
80468-72370,RB,J.J.,J.J. Taylor,Taylor,3.3,5,4600,NE@PIT,NE,PIT,,,,,,RB/FLEX
80468-58041,RB,Mike,Mike Boone,Boone,0.699999988079071,1,4600,HOU@DEN,DEN,HOU,,,,,,RB/FLEX
80468-70372,WR,Chester,Chester Rogers,Rogers,2.9882352492388558,17,4600,NYJ@CLE,CLE,NYJ,,,,,,WR/FLEX
80468-72453,WR,Denzel,Denzel Mims,Mims,1.7299999237060546,10,4600,NYJ@CLE,NYJ,CLE,,,,,,WR/FLEX
80468-82731,WR,Brandon,Brandon Zylstra,Zylstra,4.444444444444445,9,4600,CAR@NYG,CAR,NYG,,,,,,WR/FLEX
80468-72515,TE,Ian,Ian Thomas,Thomas,6.300000190734863,1,4600,CAR@NYG,CAR,NYG,,,,,,TE/FLEX
80468-64350,WR,Jeff,Jeff Smith,Smith,1.899999976158142,8,4600,NYJ@CLE,NYJ,CLE,,,,,,WR/FLEX
80468-93023,RB,Jermar,Jermar Jefferson,Jefferson,5.925000190734863,4,4600,WAS@DET,DET,WAS,,,,,,RB/FLEX
80468-87122,WR,Lynn,Lynn Bowden Jr.,Bowden Jr.,,,4600,NE@PIT,NE,PIT,,,,,,WR/FLEX
80468-103539,WR,Wan'Dale,Wan'Dale Robinson,Robinson,1,1,4600,CAR@NYG,NYG,CAR,O,Knee,,,,WR/FLEX
80468-89220,WR,Tyquan,Tyquan Thornton,Thornton,,,4600,NE@PIT,NE,PIT,IR,Collarbone,,,,WR/FLEX
80468-54472,WR,Cam,Cam Sims,Sims,0,1,4600,WAS@DET,WAS,DET,,,,,,WR/FLEX
80468-25813,WR,Phillip,Phillip Dorsett II,Dorsett II,0,1,4600,HOU@DEN,HOU,DEN,,,,,,WR/FLEX
80468-130270,TE,Adam,Adam Trautman,Trautman,4.527272657914595,11,4600,TB@NO,NO,TB,,,,,,TE/FLEX
80468-29949,WR,Marvin,Marvin Hall,Hall,1.5,1,4600,IND@JAC,JAC,IND,,,,,,WR/FLEX
80468-64786,RB,Ryquell,Ryquell Armstead,Armstead,5.550000190734863,2,4600,IND@JAC,JAC,IND,,,,,,RB/FLEX
80468-64827,WR,Miles,Miles Boykin,Boykin,0,1,4600,NE@PIT,PIT,NE,,,,,,WR/FLEX
80468-93538,WR,Dyami,Dyami Brown,Brown,2.4555555979410806,9,4600,WAS@DET,WAS,DET,,,,,,WR/FLEX
80468-73121,RB,Tony,Tony Jones Jr.,Jones Jr.,1.9600000381469727,10,4600,TB@NO,NO,TB,,,,,,RB/FLEX
80468-64949,WR,Ja'Marcus,Ja'Marcus Bradley,Bradley,2.7999998728434243,3,4600,NYJ@CLE,CLE,NYJ,,,,,,WR/FLEX
80468-91578,RB,Zamir,Zamir White,White,,,4600,ARI@LV,LV,ARI,,,,,,RB/FLEX
80468-87515,WR,Tylan,Tylan Wallace,Wallace,0,1,4600,MIA@BAL,BAL,MIA,,,,,,WR/FLEX
80468-62967,WR,Preston,Preston Williams,Williams,1.8000000317891438,6,4600,CAR@NYG,CAR,NYG,,,,,,WR/FLEX
80468-60977,RB,Ty'Son,Ty'Son Williams,Williams,5.342857360839844,7,4600,IND@JAC,IND,JAC,,,,,,RB/FLEX
80468-87657,WR,Seth,Seth Williams,Williams,3.9000000953674316,1,4600,IND@JAC,JAC,IND,,,,,,WR/FLEX
80468-95854,WR,Montrell,Montrell Washington,Washington,0,1,4600,HOU@DEN,DEN,HOU,,,,,,WR/FLEX
80468-52897,RB,Darrel,Darrel Williams,Williams,9.494444105360243,18,4600,ARI@LV,ARI,LV,,,,,,RB/FLEX
80468-85672,WR,Terrace,Terrace Marshall Jr.,Marshall Jr.,2.0249999364217124,12,4600,CAR@NYG,CAR,NYG,,,,,,WR/FLEX
80468-69303,WR,Freddie,Freddie Swain,Swain,4.352941176470588,17,4600,MIA@BAL,MIA,BAL,,,,,,WR/FLEX
80468-92093,WR,Jaelon,Jaelon Darden,Darden,0.20000000298023224,1,4600,TB@NO,TB,NO,,,,,,WR/FLEX
80468-30678,WR,Damiere,Damiere Byrd,Byrd,4.718181956898082,11,4600,ATL@LAR,ATL,LAR,,,,,,WR/FLEX
80468-104424,RB,Craig,Craig Reynolds,Reynolds,6.340000152587891,5,4600,WAS@DET,DET,WAS,,,,,,RB/FLEX
80468-57342,WR,Tre'Quan,Tre'Quan Smith,Smith,7.169999694824218,10,4600,TB@NO,NO,TB,Q,Shoulder,,,,WR/FLEX
80468-40977,TE,Ricky,Ricky Seals-Jones,Seals-Jones,4.918181679465554,11,4500,CAR@NYG,NYG,CAR,Q,Toe,,,,TE/FLEX
80468-170000,WR,Shemar,Shemar Bridges,Bridges,,,4500,MIA@BAL,BAL,MIA,Q,Undisclosed,,,,WR/FLEX
80468-55323,RB,Jaylen,Jaylen Samuels,Samuels,1.2666666507720947,3,4500,ARI@LV,ARI,LV,,,,,,RB/FLEX
80468-86047,RB,Malik,Malik Davis,Davis,,,4500,CIN@DAL,DAL,CIN,,,,,,RB/FLEX
80468-133163,WR,Ra'Shaun,Ra'Shaun Henry,Henry,,,4500,CAR@NYG,CAR,NYG,,,,,,WR/FLEX
80468-63550,WR,Isaiah,Isaiah Zuber,Zuber,,,4500,ARI@LV,LV,ARI,,,,,,WR/FLEX
80468-55366,RB,Qadree,Qadree Ollison,Ollison,2.9500001271565757,6,4500,CIN@DAL,DAL,CIN,,,,,,RB/FLEX
80468-71756,WR,Aaron,Aaron Fuller,Fuller,,,4500,SEA@SF,SEA,SF,,,,,,WR/FLEX
80468-41042,WR,Marcell,Marcell Ateman,Ateman,,,4500,ARI@LV,ARI,LV,,,,,,WR/FLEX
80468-57432,WR,Cameron,Cameron Batson,Batson,2.5,4,4500,ATL@LAR,ATL,LAR,,,,,,WR/FLEX
80468-63576,WR,Kirk,Kirk Merritt,Merritt,1.7999999523162842,1,4500,TB@NO,NO,TB,,,,,,WR/FLEX
80468-65627,WR,Maurice,Maurice Alexander,Alexander,,,4500,WAS@DET,DET,WAS,,,,,,WR/FLEX
80468-86125,WR,Brandon,Brandon Smith,Smith,,,4500,CIN@DAL,DAL,CIN,,,,,,WR/FLEX
80468-79982,RB,Alex,Alex Armah,Armah,1.4499999682108562,6,4500,WAS@DET,WAS,DET,Q,Undisclosed,,,,RB/FLEX
80468-61555,WR,David,David Sills V,Sills V,0.675000011920929,4,4500,CAR@NYG,NYG,CAR,,,,,,WR/FLEX
80468-63603,WR,Jared,Jared Pinkney,Pinkney,,,4500,ATL@LAR,LAR,ATL,,,,,,WR/FLEX
80468-30837,WR,Jordan,Jordan Matthews,Matthews,,,4500,SEA@SF,SF,SEA,IR,Knee - acl,,,,WR/FLEX
80468-55414,WR,Cody,Cody Thompson,Thompson,,,4500,SEA@SF,SEA,SF,IR,Shoulder,,,,WR/FLEX
80468-69752,WR,Jalen,Jalen Virgil,Virgil,,,4500,HOU@DEN,DEN,HOU,,,,,,WR/FLEX
80468-104577,WR,Gunner,Gunner Olszewski,Olszewski,0,1,4500,NE@PIT,PIT,NE,,,,,,WR/FLEX
80468-84101,WR,Vyncint,Vyncint Smith,Smith,0,1,4500,HOU@DEN,DEN,HOU,,,,,,WR/FLEX
80468-69769,RB,Darius,Darius Bradwell,Bradwell,0,1,4500,CAR@NYG,CAR,NYG,,,,,,RB/FLEX
80468-112790,WR,Trevon,Trevon Clark,Clark,,,4500,MIA@BAL,BAL,MIA,,,,,,WR/FLEX
80468-86173,RB,Mekhi,Mekhi Sargent,Sargent,0.2750000059604645,4,4500,IND@JAC,JAC,IND,,,,,,RB/FLEX
80468-63646,WR,Lawrence,Lawrence Cager,Cager,0,1,4500,NYJ@CLE,NYJ,CLE,,,,,,WR/FLEX
80468-84137,WR,Deontez,Deontez Alexander,Alexander,,,4500,SEA@SF,SEA,SF,,,,,,WR/FLEX
80468-61610,RB,Jacques,Jacques Patrick,Patrick,1.2000000476837158,1,4500,CIN@DAL,CIN,DAL,,,,,,RB/FLEX
80468-65724,RB,JaMycal,JaMycal Hasty,Hasty,2.7928570338657925,14,4500,IND@JAC,JAC,IND,,,,,,RB/FLEX
80468-170190,WR,Isaiah,Isaiah Weston,Weston,,,4500,NYJ@CLE,CLE,NYJ,IR,Knee,,,,WR/FLEX
80468-69836,WR,Collin,Collin Johnson,Johnson,2.2857142857142856,7,4500,CAR@NYG,NYG,CAR,IR,Achilles,,,,WR/FLEX
80468-149717,RB,JaQuan,JaQuan Hardy,Hardy,4.449999809265137,2,4500,HOU@DEN,DEN,HOU,,,,,,RB/FLEX
80468-28890,RB,Derek,Derek Watt,Watt,0.6199999809265136,5,4500,NE@PIT,PIT,NE,,,,,,RB/FLEX
80468-170208,WR,Kaden,Kaden Davis,Davis,,,4500,HOU@DEN,DEN,HOU,,,,,,WR/FLEX
80468-170209,WR,Tyreik,Tyreik McAllister,McAllister,,,4500,HOU@DEN,DEN,HOU,Q,Hamstring,,,,WR/FLEX
80468-63717,RB,Alec,Alec Ingold,Ingold,1.5,1,4500,MIA@BAL,MIA,BAL,,,,,,RB/FLEX
80468-69860,RB,Trayveon,Trayveon Williams,Williams,3,2,4500,CIN@DAL,CIN,DAL,,,,,,RB/FLEX
80468-170213,RB,Aaron,Aaron Shampklin,Shampklin,,,4500,CIN@DAL,DAL,CIN,Q,Ankle,,,,RB/FLEX
80468-170219,WR,Kevin,Kevin Kassis,Kassis,,,4500,SEA@SF,SEA,SF,,,,,,WR/FLEX
80468-28907,WR,Alex,Alex Erickson,Erickson,0.5833333333333334,12,4500,WAS@DET,WAS,DET,,,,,,WR/FLEX
80468-94453,RB,Darwin,Darwin Thompson,Thompson,,,4500,SEA@SF,SEA,SF,,,,,,RB/FLEX
80468-45307,WR,Rodney,Rodney Adams,Adams,0,1,4500,NYJ@CLE,NYJ,CLE,IR,Illness,,,,WR/FLEX
80468-69884,RB,Darius,Darius Anderson,Anderson,,,4500,HOU@DEN,HOU,DEN,IR,Knee,,,,RB/FLEX
80468-71935,WR,Kendric,Kendric Pryor,Pryor,,,4500,IND@JAC,JAC,IND,,,,,,WR/FLEX
80468-12555,D,Baltimore,Baltimore Ravens,Ravens,11,1,4500,MIA@BAL,BAL,MIA,,,,,,DEF
80468-94481,WR,Deven,Deven Thompkins,Thompkins,,,4500,TB@NO,TB,NO,,,,,,WR/FLEX
80468-102696,WR,John,John Metchie III,Metchie III,,,4500,HOU@DEN,HOU,DEN,IR,Illness,,,,WR/FLEX
80468-170287,WR,Rashid,Rashid Shaheed,Shaheed,,,4500,TB@NO,NO,TB,,,,,,WR/FLEX
80468-45371,WR,Darius,Darius Phillips,Phillips,-0.36363636363636365,11,4500,HOU@DEN,DEN,HOU,,,,,,WR/FLEX
80468-102721,WR,Dontario,Dontario Drummond,Drummond,,,4500,CIN@DAL,DAL,CIN,,,,,,WR/FLEX
80468-102729,RB,Snoop,Snoop Conner,Conner,,,4500,IND@JAC,JAC,IND,,,,,,RB/FLEX
80468-90458,RB,Troy,Troy Hairston,Hairston,1,1,4500,HOU@DEN,HOU,DEN,,,,,,RB/FLEX
80468-102762,RB,Kevin,Kevin Harris,Harris,,,4500,NE@PIT,NE,PIT,,,,,,RB/FLEX
80468-88430,RB,CJ,CJ Verdell,Verdell,,,4500,IND@JAC,IND,JAC,,,,,,RB/FLEX
80468-90487,WR,Kalil,Kalil Pimpleton,Pimpleton,,,4500,CAR@NYG,NYG,CAR,,,,,,WR/FLEX
80468-92545,RB,Keaontay,Keaontay Ingram,Ingram,,,4500,ARI@LV,ARI,LV,,,,,,RB/FLEX
80468-47501,WR,Marken,Marken Michel,Michel,,,4500,WAS@DET,WAS,DET,,,,,,WR/FLEX
80468-53646,WR,Austin,Austin Proehl,Proehl,,,4500,CAR@NYG,NYG,CAR,Q,Undisclosed,,,,WR/FLEX
80468-88463,WR,Johnny,Johnny Johnson III,Johnson III,,,4500,HOU@DEN,HOU,DEN,,,,,,WR/FLEX
80468-102802,WR,Makai,Makai Polk,Polk,,,4500,MIA@BAL,BAL,MIA,,,,,,WR/FLEX
80468-90518,WR,Slade,Slade Bolden,Bolden,,,4500,MIA@BAL,BAL,MIA,IR,Undisclosed,,,,WR/FLEX
80468-43416,WR,Trent,Trent Taylor,Taylor,0,1,4500,CIN@DAL,CIN,DAL,,,,,,WR/FLEX
80468-80281,WR,C.J.,C.J. Board,Board,1.2833333015441895,6,4500,CAR@NYG,NYG,CAR,,,,,,WR/FLEX
80468-72091,RB,Raymond,Raymond Calais,Calais,,,4500,ATL@LAR,LAR,ATL,,,,,,RB/FLEX
80468-111012,WR,Kaylon,Kaylon Geiger Sr.,Geiger Sr.,,,4500,TB@NO,TB,NO,,,,,,WR/FLEX
80468-72103,RB,Trey,Trey Ragas,Ragas,2.5,1,4500,ATL@LAR,LAR,ATL,O,Undisclosed,,,,RB/FLEX
80468-80299,RB,Patrick,Patrick Ricard,Ricard,1.2000000476837158,1,4500,MIA@BAL,BAL,MIA,Q,Calf,,,,RB/FLEX
80468-63919,WR,Bailey,Bailey Gaither,Gaither,,,4500,CAR@NYG,NYG,CAR,,,,,,WR/FLEX
80468-72122,WR,Jake,Jake Herslow,Herslow,,,4500,SEA@SF,SEA,SF,,,,,,WR/FLEX
80468-55750,WR,Chris,Chris Lacy,Lacy,,,4500,ARI@LV,LV,ARI,,,,,,WR/FLEX
80468-72135,WR,T.J.,T.J. Vasher,Vasher,,,4500,CIN@DAL,DAL,CIN,,,,,,WR/FLEX
80468-88525,WR,Kawaan,Kawaan Baker,Baker,,,4500,TB@NO,NO,TB,IR,Suspension,,,,WR/FLEX
80468-31184,RB,Jonathan,Jonathan Williams,Williams,3.7400001525878905,5,4500,WAS@DET,WAS,DET,,,,,,RB/FLEX
80468-14820,RB,Nick,Nick Bellore,Bellore,0.8999999761581421,1,4500,SEA@SF,SEA,SF,,,,,,RB/FLEX
80468-152042,WR,Drew,Drew Estrada,Estrada,,,4500,HOU@DEN,HOU,DEN,Q,Leg,,,,WR/FLEX
80468-72174,WR,Andrew,Andrew Parchment,Parchment,,,4500,CAR@NYG,CAR,NYG,Q,Undisclosed,,,,WR/FLEX
80468-113138,WR,Talolo,Talolo Limu-Jones,Limu-Jones,,,4500,CAR@NYG,CAR,NYG,,,,,,WR/FLEX
80468-70133,RB,Jake,Jake Funk,Funk,0.2,5,4500,ATL@LAR,LAR,ATL,,,,,,RB/FLEX
80468-39428,RB,Kyle,Kyle Juszczyk,Juszczyk,0,1,4500,SEA@SF,SF,SEA,,,,,,RB/FLEX
80468-86543,WR,Erik,Erik Ezukanma,Ezukanma,,,4500,MIA@BAL,MIA,BAL,,,,,,WR/FLEX
80468-88590,RB,Scottie,Scottie Phillips,Phillips,1.600000023841858,2,4500,HOU@DEN,HOU,DEN,,,,,,RB/FLEX
80468-88607,WR,Braylon,Braylon Sanders,Sanders,,,4500,MIA@BAL,MIA,BAL,,,,,,WR/FLEX
80468-96798,RB,Josh,Josh Johnson,Johnson,,,4500,SEA@SF,SEA,SF,Q,Undisclosed,,,,RB/FLEX
80468-72235,WR,Damon,Damon Hazelton,Hazelton,,,4500,HOU@DEN,HOU,DEN,,,,,,WR/FLEX
80468-160306,RB,Pierre,Pierre Strong Jr.,Strong Jr.,,,4500,NE@PIT,NE,PIT,Q,Shoulder,,,,RB/FLEX
80468-57909,RB,Marlon,Marlon Mack,Mack,2.3799999237060545,5,4500,SEA@SF,SF,SEA,,,,,,RB/FLEX
80468-70206,RB,Jason,Jason Huntley,Huntley,5.099999904632568,1,4500,NE@PIT,PIT,NE,,,,,,RB/FLEX
80468-150090,WR,Cade,Cade Johnson,Johnson,,,4500,SEA@SF,SEA,SF,,,,,,WR/FLEX
80468-86614,RB,Jeremiah,Jeremiah Hall,Hall,,,4500,CAR@NYG,NYG,CAR,,,,,,RB/FLEX
80468-27229,RB,Ameer,Ameer Abdullah,Abdullah,0,1,4500,ARI@LV,LV,ARI,,,,,,RB/FLEX
80468-86635,WR,Charleston,Charleston Rambo,Rambo,,,4500,CAR@NYG,CAR,NYG,,,,,,WR/FLEX
80468-86634,RB,TJ,TJ Pledger,Pledger,,,4500,ARI@LV,ARI,LV,,,,,,RB/FLEX
80468-88685,WR,Austin,Austin Trammell,Trammell,,,4500,ATL@LAR,LAR,ATL,,,,,,WR/FLEX
80468-55941,RB,Patrick,Patrick Laird,Laird,1.1999999682108562,3,4500,TB@NO,TB,NO,,,,,,RB/FLEX
80468-27273,RB,Andy,Andy Janovich,Janovich,2.0799999237060547,5,4500,HOU@DEN,HOU,DEN,,,,,,RB/FLEX
80468-94864,RB,Jashaun,Jashaun Corbin,Corbin,,,4500,CAR@NYG,NYG,CAR,,,,,,RB/FLEX
80468-29357,RB,Kenjon,Kenjon Barner,Barner,0,3,4500,TB@NO,TB,NO,IR,Undisclosed,,,,RB/FLEX
80468-96942,WR,Keelan,Keelan Doss,Doss,,,4500,CAR@NYG,NYG,CAR,,,,,,WR/FLEX
80468-139971,WR,Jerreth,Jerreth Sterns,Sterns,,,4500,TB@NO,TB,NO,,,,,,WR/FLEX
80468-88776,WR,Ty,Ty Fryfogle,Fryfogle,,,4500,CIN@DAL,DAL,CIN,Q,Undisclosed,,,,WR/FLEX
80468-53967,RB,Nick,Nick Bawden,Bawden,2.5,1,4500,NYJ@CLE,NYJ,CLE,IR,Undisclosed,,,,RB/FLEX
80468-88793,RB,Stevie,Stevie Scott III,Scott III,,,4500,HOU@DEN,DEN,HOU,,,,,,RB/FLEX
80468-92890,WR,Cody,Cody White,White,1.933333396911621,3,4500,NE@PIT,PIT,NE,,,,,,WR/FLEX
80468-64222,RB,Jordan,Jordan Glasgow,Glasgow,,,4500,IND@JAC,IND,JAC,Q,Undisclosed,,,,RB/FLEX
80468-72427,WR,Kwamie,Kwamie Lassiter II,Lassiter II,,,4500,CIN@DAL,CIN,DAL,,,,,,WR/FLEX
80468-64242,WR,Keke,Keke Coutee,Coutee,1,1,4500,IND@JAC,IND,JAC,,,,,,WR/FLEX
80468-90870,WR,Calvin,Calvin Austin III,Austin III,,,4500,NE@PIT,PIT,NE,IR,Foot,,,,WR/FLEX
80468-86780,RB,Salvon,Salvon Ahmed,Ahmed,2.9636362249200996,11,4500,MIA@BAL,MIA,BAL,Q,Heel,,,,RB/FLEX
80468-94975,WR,Stephon,Stephon Robinson Jr.,Robinson Jr.,,,4500,ARI@LV,ARI,LV,,,,,,WR/FLEX
80468-41741,WR,DaeSean,DaeSean Hamilton,Hamilton,,,4500,HOU@DEN,HOU,DEN,Q,Knee,,,,WR/FLEX
80468-94993,RB,Pooka,Pooka Williams Jr.,Williams Jr.,0,1,4500,CIN@DAL,CIN,DAL,,,,,,RB/FLEX
80468-31524,WR,Cody,Cody Core,Core,,,4500,MIA@BAL,MIA,BAL,Q,Undisclosed,,,,WR/FLEX
80468-158520,WR,Daylen,Daylen Baldwin,Baldwin,,,4500,NYJ@CLE,CLE,NYJ,,,,,,WR/FLEX
80468-41806,WR,Laquon,Laquon Treadwell,Treadwell,5.491666793823242,12,4500,NE@PIT,NE,PIT,,,,,,WR/FLEX
80468-72531,WR,Taysir,Taysir Mack,Mack,,,4500,SEA@SF,SF,SEA,,,,,,WR/FLEX
80468-103252,RB,Zonovan,Zonovan Knight,Knight,,,4500,NYJ@CLE,NYJ,CLE,,,,,,RB/FLEX
80468-86875,RB,Jordan,Jordan Mason,Mason,,,4500,SEA@SF,SF,SEA,,,,,,RB/FLEX
80468-95092,WR,Tyler,Tyler Snead,Snead,,,4500,NE@PIT,PIT,NE,,,,,,WR/FLEX
80468-70531,WR,Jack,Jack Sorenson,Sorenson,,,4500,CIN@DAL,CIN,DAL,,,,,,WR/FLEX
80468-91012,RB,Greg,Greg Bell,Bell,,,4500,WAS@DET,DET,WAS,IR,Hamstring,,,,RB/FLEX
80468-43912,WR,Chad,Chad Beebe,Beebe,,,4500,HOU@DEN,HOU,DEN,,,,,,WR/FLEX
80468-45964,WR,Marcus,Marcus Kemp,Kemp,0.6800000190734863,5,4500,CAR@NYG,NYG,CAR,Q,Hamstring,,,,WR/FLEX
80468-64403,WR,Irvin,Irvin Charles,Charles,,,4500,NYJ@CLE,NYJ,CLE,,,,,,WR/FLEX
80468-91046,TE,Brock,Brock Wright,Wright,4.242857251848493,7,4500,WAS@DET,DET,WAS,,,,,,TE/FLEX
80468-45997,WR,Keith,Keith Kirkwood,Kirkwood,1.0666666825612385,3,4500,CAR@NYG,CAR,NYG,,,,,,WR/FLEX
80468-91055,WR,Kevin,Kevin Austin Jr.,Austin Jr.,,,4500,IND@JAC,JAC,IND,,,,,,WR/FLEX
80468-93112,RB,Mataeo,Mataeo Durant,Durant,,,4500,NE@PIT,PIT,NE,,,,,,RB/FLEX
80468-43973,RB,Keith,Keith Smith,Smith,1.199999982660467,11,4500,ATL@LAR,ATL,LAR,,,,,,RB/FLEX
80468-86984,WR,Devon,Devon Williams,Williams,,,4500,MIA@BAL,BAL,MIA,,,,,,WR/FLEX
80468-91085,WR,Michael,Michael Young Jr.,Young Jr.,,,4500,IND@JAC,IND,JAC,,,,,,WR/FLEX
80468-93134,RB,Deon,Deon Jackson,Jackson,3.0333334604899087,3,4500,IND@JAC,IND,JAC,,,,,,RB/FLEX
80468-138189,WR,Changa,Changa Hodge,Hodge,,,4500,ARI@LV,ARI,LV,,,,,,WR/FLEX
80468-41936,WR,Anthony,Anthony Miller,Miller,3.8333333333333335,3,4500,NE@PIT,PIT,NE,IR,Shoulder,,,,WR/FLEX
80468-91101,TE,Tommy,Tommy Tremble,Tremble,0.6000000238418579,1,4500,CAR@NYG,CAR,NYG,,,,,,TE/FLEX
80468-56289,RB,Jason,Jason Cabinda,Cabinda,1.6999999455043249,7,4500,WAS@DET,DET,WAS,NA,Ankle,,,,RB/FLEX
80468-41954,WR,Victor,Victor Bolden Jr.,Bolden Jr.,,,4500,ARI@LV,ARI,LV,O,Undisclosed,,,,WR/FLEX
80468-93187,RB,D'vonte,D'vonte Price,Price,,,4500,IND@JAC,IND,JAC,,,,,,RB/FLEX
80468-70663,WR,Frank,Frank Darby,Darby,0.949999988079071,2,4500,ATL@LAR,ATL,LAR,,,,,,WR/FLEX
80468-70662,WR,Tyler,Tyler Vaughns,Vaughns,,,4500,NE@PIT,PIT,NE,,,,,,WR/FLEX
80468-41997,WR,River,River Cracraft,Cracraft,,,4500,MIA@BAL,MIA,BAL,,,,,,WR/FLEX
80468-111631,WR,Jameson,Jameson Williams,Williams,,,4500,WAS@DET,DET,WAS,IR,Knee - acl,,,,WR/FLEX
80468-70680,WR,Jalen,Jalen Camp,Camp,,,4500,HOU@DEN,HOU,DEN,,,,,,WR/FLEX
80468-56356,WR,Isaiah,Isaiah Ford,Ford,3.4099998474121094,10,4500,IND@JAC,IND,JAC,,,,,,WR/FLEX
80468-89127,WR,Justin,Justin Hall,Hall,,,4500,ARI@LV,LV,ARI,,,,,,WR/FLEX
80468-64555,WR,Calvin,Calvin Ridley,Ridley,11.11999969482422,5,4500,ATL@LAR,ATL,LAR,IR,Suspension,,,,WR/FLEX
80468-42046,TE,Durham,Durham Smythe,Smythe,1.899999976158142,1,4500,MIA@BAL,MIA,BAL,,,,,,TE/FLEX
80468-89157,RB,Caleb,Caleb Huntley,Huntley,,,4500,ATL@LAR,ATL,LAR,,,,,,RB/FLEX
80468-27721,WR,Justin,Justin Hardee Sr.,Hardee Sr.,,,4500,NYJ@CLE,NYJ,CLE,,,,,,WR/FLEX
80468-87112,WR,Josh,Josh Ali,Ali,,,4500,ATL@LAR,ATL,LAR,,,,,,WR/FLEX
80468-68685,WR,Austin,Austin Mack,Mack,,,4500,SEA@SF,SF,SEA,Q,Hamstring,,,,WR/FLEX
80468-72780,RB,Josh,Josh Hokit,Hokit,,,4500,ARI@LV,ARI,LV,,,,,,RB/FLEX
80468-68686,WR,C.J.,C.J. Saunders,Saunders,2.0999999046325684,1,4500,CAR@NYG,CAR,NYG,,,,,,WR/FLEX
80468-89172,RB,John,John Lovett,Lovett,,,4500,CAR@NYG,CAR,NYG,,,,,,RB/FLEX
80468-68694,RB,Antonio,Antonio Williams,Williams,,,4500,CAR@NYG,NYG,CAR,,,,,,RB/FLEX
80468-64627,WR,Scotty,Scotty Washington,Washington,,,4500,CIN@DAL,CIN,DAL,,,,,,WR/FLEX
80468-64634,WR,Alex,Alex Bachman,Bachman,-0.30000001192092896,1,4500,CAR@NYG,NYG,CAR,,,,,,WR/FLEX
80468-42107,WR,Robert,Robert Foster,Foster,,,4500,CAR@NYG,NYG,CAR,Q,Hamstring,,,,WR/FLEX
80468-89214,RB,Abram,Abram Smith,Smith,,,4500,TB@NO,NO,TB,,,,,,RB/FLEX
80468-111756,WR,JaVonta,JaVonta Payton,Payton,,,4500,ARI@LV,ARI,LV,,,,,,WR/FLEX
80468-52409,RB,Jakob,Jakob Johnson,Johnson,0.6000000238418579,1,4500,ARI@LV,LV,ARI,,,,,,RB/FLEX
80468-89272,RB,ZaQuandre,ZaQuandre White,White,,,4500,MIA@BAL,MIA,BAL,,,,,,RB/FLEX
80468-70868,RB,Damarea,Damarea Crockett,Crockett,0.699999988079071,1,4500,HOU@DEN,DEN,HOU,IR,Knee - acl,,,,RB/FLEX
80468-130265,WR,John,John Hurst,Hurst,,,4500,IND@JAC,IND,JAC,Q,Ankle,,,,WR/FLEX
80468-95455,WR,D.J.,D.J. Montgomery,Montgomery,5.099999904632568,1,4500,IND@JAC,IND,JAC,,,,,,WR/FLEX
80468-130275,WR,Kristian,Kristian Wilkerson,Wilkerson,18.200000762939453,1,4500,NE@PIT,NE,PIT,IR,Concussion,,,,WR/FLEX
80468-130279,WR,Matt,Matt Cole,Cole,,,4500,WAS@DET,WAS,DET,,,,,,WR/FLEX
80468-70892,RB,A.J.,A.J. Rose Jr.,Rose Jr.,,,4500,ATL@LAR,LAR,ATL,,,,,,RB/FLEX
80468-11504,WR,Andre,Andre Roberts,Roberts,0,1,4500,CAR@NYG,CAR,NYG,IR,Knee - pcl,,,,WR/FLEX
80468-56580,WR,Christian,Christian Blake,Blake,0.6428571428571429,7,4500,NE@PIT,PIT,NE,,,,,,WR/FLEX
80468-130309,WR,J.J.,J.J. Koski,Koski,-0.6666666666666666,3,4500,ATL@LAR,LAR,ATL,IR,Shoulder,,,,WR/FLEX
80468-60704,WR,Derrick,Derrick Dillon,Dillon,,,4500,NYJ@CLE,CLE,NYJ,,,,,,WR/FLEX
80468-60705,WR,Tyron,Tyron Johnson,Johnson,0.32499998807907104,8,4500,ARI@LV,LV,ARI,,,,,,WR/FLEX
80468-130336,RB,Sandro,Sandro Platzgummer,Platzgummer,,,4500,CAR@NYG,NYG,CAR,,,,,,RB/FLEX
80468-68901,RB,Gerrid,Gerrid Doaks,Doaks,,,4500,HOU@DEN,HOU,DEN,,,,,,RB/FLEX
80468-91428,WR,Tarik,Tarik Black,Black,1.5,1,4500,NYJ@CLE,NYJ,CLE,,,,,,WR/FLEX
80468-91431,RB,Ben,Ben Mason,Mason,,,4500,MIA@BAL,BAL,MIA,,,,,,RB/FLEX
80468-130343,WR,Jeff,Jeff Cotton Jr.,Cotton Jr.,,,4500,ARI@LV,ARI,LV,,,,,,WR/FLEX
80468-64808,TE,Juwan,Juwan Johnson,Johnson,5.300000190734863,1,4500,TB@NO,NO,TB,,,,,,TE/FLEX
80468-89384,WR,DeMichael,DeMichael Harris,Harris,,,4500,IND@JAC,IND,JAC,,,,,,WR/FLEX
80468-87338,WR,Jaivon,Jaivon Heiligh,Heiligh,,,4500,CIN@DAL,CIN,DAL,,,,,,WR/FLEX
80468-111917,WR,Keshunn,Keshunn Abram,Abram,,,4500,NYJ@CLE,NYJ,CLE,,,,,,WR/FLEX
80468-130350,WR,Jaylon,Jaylon Moore,Moore,,,4500,IND@JAC,JAC,IND,,,,,,WR/FLEX
80468-56648,RB,Jeremy,Jeremy McNichols,McNichols,4.584615267240084,13,4500,NE@PIT,PIT,NE,IR,Shoulder,,,,RB/FLEX
80468-52560,WR,Geronimo,Geronimo Allison,Allison,0,1,4500,ATL@LAR,ATL,LAR,,,,,,WR/FLEX
80468-103764,WR,Jared,Jared Smart,Smart,,,4500,ARI@LV,ARI,LV,,,,,,WR/FLEX
80468-73046,WR,Tre,Tre Nixon,Nixon,,,4500,NE@PIT,NE,PIT,,,,,,WR/FLEX
80468-89437,WR,Tim,Tim Jones,Jones,,,4500,IND@JAC,JAC,IND,,,,,,WR/FLEX
80468-71031,WR,Lil'Jordan,Lil'Jordan Humphrey,Humphrey,6.2000002179827005,7,4500,NE@PIT,NE,PIT,,,,,,WR/FLEX
80468-71039,WR,Kelvin,Kelvin Harmon,Harmon,,,4500,WAS@DET,WAS,DET,,,,,,WR/FLEX
80468-73088,WR,Kekoa,Kekoa Crawford,Crawford,,,4500,IND@JAC,IND,JAC,,,,,,WR/FLEX
80468-73095,WR,Samson,Samson Nacua,Nacua,,,4500,IND@JAC,IND,JAC,,,,,,WR/FLEX
80468-64905,WR,Trenton,Trenton Irwin,Irwin,1.100000023841858,4,4500,CIN@DAL,CIN,DAL,,,,,,WR/FLEX
80468-64907,WR,J.J.,J.J. Arcega-Whiteside,Arcega-Whiteside,1.149999976158142,4,4500,SEA@SF,SEA,SF,,,,,,WR/FLEX
80468-56716,WR,Brayden,Brayden Lenius,Lenius,,,4500,ATL@LAR,ATL,LAR,,,,,,WR/FLEX
80468-73116,WR,Javon,Javon McKinley,McKinley,,,4500,NE@PIT,PIT,NE,Q,Undisclosed,,,,WR/FLEX
80468-44449,WR,Willie,Willie Snead IV,Snead IV,0.8285714558192662,7,4500,SEA@SF,SF,SEA,,,,,,WR/FLEX
80468-60838,WR,Andre,Andre Baccellia,Baccellia,,,4500,ARI@LV,ARI,LV,,,,,,WR/FLEX
80468-69068,RB,Jonathan,Jonathan Ward,Ward,1.3666666348775227,6,4500,ARI@LV,ARI,LV,,,,,,RB/FLEX
80468-103901,WR,Davion,Davion Davis,Davis,1.100000023841858,2,4500,HOU@DEN,HOU,DEN,Q,Hamstring,,,,WR/FLEX
80468-73180,WR,Binjimen,Binjimen Victor,Victor,,,4500,MIA@BAL,BAL,MIA,,,,,,WR/FLEX
80468-32234,RB,Malcolm,Malcolm Brown,Brown,3.5,6,4500,TB@NO,NO,TB,,,,,,RB/FLEX
80468-32235,WR,Marcus,Marcus Johnson,Johnson,2.8999998910086497,7,4500,CAR@NYG,NYG,CAR,,,,,,WR/FLEX
80468-103930,WR,Derek,Derek Wright,Wright,,,4500,CAR@NYG,CAR,NYG,,,,,,WR/FLEX
80468-22018,WR,Mohamed,Mohamed Sanu Sr.,Sanu Sr.,3.1500000953674316,8,4500,MIA@BAL,MIA,BAL,,,,,,WR/FLEX
80468-60930,RB,Myles,Myles Gaskin,Gaskin,8.77058859432445,17,4500,MIA@BAL,MIA,BAL,,,,,,RB/FLEX
80468-103943,WR,Trinity,Trinity Benson,Benson,2.1857143129621233,7,4500,WAS@DET,DET,WAS,Q,Undisclosed,,,,WR/FLEX
80468-62994,WR,Steven,Steven Sims Jr.,Sims Jr.,,,4500,NE@PIT,PIT,NE,,,,,,WR/FLEX
80468-69150,WR,Jordan,Jordan Veasy,Veasy,0,1,4500,ARI@LV,LV,ARI,,,,,,WR/FLEX
80468-54817,WR,Diontae,Diontae Spencer,Spencer,-0.25333333015441895,15,4500,NYJ@CLE,NYJ,CLE,,,,,,WR/FLEX
80468-89632,WR,Connor,Connor Wedington,Wedington,,,4500,SEA@SF,SF,SEA,,,,,,WR/FLEX
80468-63025,RB,Nathan,Nathan Cottrell,Cottrell,0.30000001192092896,1,4500,IND@JAC,JAC,IND,Q,Undisclosed,,,,RB/FLEX
80468-128566,WR,Kameron,Kameron Brown,Brown,,,4500,TB@NO,TB,NO,,,,,,WR/FLEX
80468-128574,RB,Shermari,Shermari Jones,Jones,,,4500,CIN@DAL,CIN,DAL,,,,,,RB/FLEX
80468-93767,WR,Calvin,Calvin Jackson Jr.,Jackson Jr.,,,4500,NYJ@CLE,NYJ,CLE,,,,,,WR/FLEX
80468-71241,WR,Brandon,Brandon Johnson,Johnson,,,4500,HOU@DEN,DEN,HOU,Q,Ankle,,,,WR/FLEX
80468-63050,RB,Ty,Ty Johnson,Johnson,6.666666666666667,15,4500,NYJ@CLE,NYJ,CLE,,,,,,RB/FLEX
80468-54863,WR,C.J.,C.J. Goodwin,Goodwin,2.0999999046325684,1,4500,CIN@DAL,DAL,CIN,,,,,,WR/FLEX
80468-93782,WR,Travell,Travell Harris,Harris,,,4500,NYJ@CLE,CLE,NYJ,,,,,,WR/FLEX
80468-104025,RB,John,John Lovett,Lovett,,,4500,MIA@BAL,MIA,BAL,IR,Undisclosed,,,,RB/FLEX
80468-87649,WR,Jaquarii,Jaquarii Roberson,Roberson,,,4500,NE@PIT,PIT,NE,,,,,,WR/FLEX
80468-38514,WR,Kevin,Kevin White,White,1.433333396911621,3,4500,TB@NO,NO,TB,Q,Undisclosed,,,,WR/FLEX
80468-93814,RB,Max,Max Borghi,Borghi,,,4500,NE@PIT,PIT,NE,,,,,,RB/FLEX
80468-104054,RB,Sincere,Sincere McCormick,McCormick,,,4500,ARI@LV,LV,ARI,IR,Undisclosed,,,,RB/FLEX
80468-93824,WR,Easop,Easop Winston,Winston,0.3333333333333333,3,4500,NYJ@CLE,CLE,NYJ,,,,,,WR/FLEX
80468-61060,RB,Devine,Devine Ozigbo,Ozigbo,0.8999999761581421,1,4500,HOU@DEN,DEN,HOU,,,,,,RB/FLEX
80468-85636,WR,Josh,Josh Johnson,Johnson,,,4500,WAS@DET,DET,WAS,Q,Undisclosed,,,,WR/FLEX
80468-91783,WR,Warren,Warren Jackson,Jackson,,,4500,ATL@LAR,LAR,ATL,Q,Undisclosed,,,,WR/FLEX
80468-93845,WR,Tay,Tay Martin,Martin,,,4500,SEA@SF,SF,SEA,,,,,,WR/FLEX
80468-52902,WR,Trey,Trey Quinn,Quinn,,,4500,HOU@DEN,DEN,HOU,,,,,,WR/FLEX
80468-93864,RB,Ricky,Ricky Person Jr.,Person Jr.,,,4500,MIA@BAL,BAL,MIA,IR,Undisclosed,,,,RB/FLEX
80468-7856,WR,Matthew,Matthew Slater,Slater,,,4500,NE@PIT,NE,PIT,,,,,,WR/FLEX
80468-69296,WR,Corey,Corey Sutton,Sutton,,,4500,WAS@DET,DET,WAS,,,,,,WR/FLEX
80468-85687,WR,Jontre,Jontre Kirklin,Kirklin,,,4500,ARI@LV,ARI,LV,,,,,,WR/FLEX
80468-89785,RB,Spencer,Spencer Brown,Brown,,,4500,CAR@NYG,CAR,NYG,Q,Ankle,,,,RB/FLEX
80468-71355,RB,Elijah,Elijah Holyfield,Holyfield,,,4500,CIN@DAL,CIN,DAL,IR,Knee,,,,RB/FLEX
80468-104124,WR,Darrius,Darrius Shepherd,Shepherd,,,4500,HOU@DEN,DEN,HOU,,,,,,WR/FLEX
80468-71359,WR,Javon,Javon Wims,Wims,,,4500,ARI@LV,ARI,LV,,,,,,WR/FLEX
80468-69310,WR,Josh,Josh Hammond,Hammond,,,4500,NE@PIT,NE,PIT,,,,,,WR/FLEX
80468-71372,WR,Tyrie,Tyrie Cleveland,Cleveland,0,1,4500,HOU@DEN,DEN,HOU,,,,,,WR/FLEX
80468-65231,RB,Adam,Adam Prentice,Prentice,0.8999999761581421,4,4500,TB@NO,NO,TB,,,,,,RB/FLEX
80468-81616,WR,Rashard,Rashard Davis,Davis,,,4500,NYJ@CLE,NYJ,CLE,,,,,,WR/FLEX
80468-69343,WR,Landen,Landen Akers,Akers,,,4500,ATL@LAR,LAR,ATL,,,,,,WR/FLEX
80468-63201,RB,Xavier,Xavier Jones,Jones,,,4500,ATL@LAR,LAR,ATL,Q,Achilles,,,,RB/FLEX
80468-57064,RB,Ryan,Ryan Nall,Nall,0.6499999761581421,2,4500,CIN@DAL,DAL,CIN,Q,Shoulder,,,,RB/FLEX
80468-91897,WR,Ethan,Ethan Fernea,Fernea,,,4500,IND@JAC,IND,JAC,,,,,,WR/FLEX
80468-57091,WR,Tim,Tim Patrick,Patrick,8.118749618530273,16,4500,HOU@DEN,DEN,HOU,IR,Knee - acl,,,,WR/FLEX
80468-87813,RB,Master,Master Teague III,Teague III,,,4500,NE@PIT,PIT,NE,Q,Ankle,,,,RB/FLEX
80468-69383,WR,Dezmon,Dezmon Patmon,Patmon,2.2750000953674316,4,4500,IND@JAC,IND,JAC,,,,,,WR/FLEX
80468-136970,WR,Danny,Danny Gray,Gray,,,4500,SEA@SF,SF,SEA,,,,,,WR/FLEX
80468-26384,RB,Trey,Trey Edmunds,Edmunds,,,4500,NE@PIT,PIT,NE,,,,,,RB/FLEX
80468-61200,WR,Jaylinn,Jaylinn Hawkins,Hawkins,,,4500,ATL@LAR,ATL,LAR,,,,,,WR/FLEX
80468-40726,RB,Godwin,Godwin Igwebuike,Igwebuike,1.792307633620042,13,4500,WAS@DET,DET,WAS,,,,,,RB/FLEX
80468-71459,RB,Brittain,Brittain Brown,Brown,,,4500,ARI@LV,LV,ARI,,,,,,RB/FLEX
80468-55088,WR,Malik,Malik Turner,Turner,5,8,4500,SEA@SF,SF,SEA,,,,,,WR/FLEX
80468-40758,RB,Corey,Corey Clement,Clement,3.6999999455043246,7,4500,MIA@BAL,BAL,MIA,,,,,,RB/FLEX
80468-38721,RB,Johnny,Johnny Stanton IV,Stanton IV,2.7333332697550454,3,4500,NYJ@CLE,CLE,NYJ,,,,,,RB/FLEX
80468-91971,RB,Ronnie,Ronnie Rivers,Rivers,,,4500,ATL@LAR,LAR,ATL,,,,,,RB/FLEX
80468-73551,WR,Stantley,Stantley Thomas-Oliver III,Thomas-Oliver III,,,4500,CAR@NYG,CAR,NYG,,,,,,WR/FLEX
80468-71519,WR,Dillon,Dillon Stoner,Stoner,,,4500,ARI@LV,LV,ARI,O,Undisclosed,,,,WR/FLEX
80468-169834,WR,Dareke,Dareke Young,Young,,,4500,SEA@SF,SEA,SF,,,,,,WR/FLEX
80468-57208,WR,KeeSean,KeeSean Johnson,Johnson,,,4500,ATL@LAR,ATL,LAR,,,,,,WR/FLEX
80468-55165,RB,Justin,Justin Jackson,Jackson,5.784615149864783,13,4500,WAS@DET,DET,WAS,,,,,,RB/FLEX
80468-89997,WR,Michael,Michael Woods II,Woods II,,,4500,NYJ@CLE,CLE,NYJ,,,,,,WR/FLEX
80468-73616,WR,Willie,Willie Johnson,Johnson,,,4500,IND@JAC,JAC,IND,IR,Undisclosed,,,,WR/FLEX
80468-141201,WR,Raleigh,Raleigh Webb,Webb,,,4500,MIA@BAL,BAL,MIA,,,,,,WR/FLEX
80468-14237,TE,Kyle,Kyle Rudolph,Rudolph,3.1133333841959634,15,4500,TB@NO,TB,NO,,,,,,TE/FLEX
80468-169890,WR,LuJuan,LuJuan Winningham,Winningham,,,4500,IND@JAC,JAC,IND,,,,,,WR/FLEX
80468-94118,WR,Mike,Mike Harley Jr.,Harley Jr.,,,4500,NYJ@CLE,CLE,NYJ,,,,,,WR/FLEX
80468-169898,WR,Jequez,Jequez Ezzard,Ezzard,,,4500,WAS@DET,WAS,DET,Q,Undisclosed,,,,WR/FLEX
80468-34729,RB,Dwayne,Dwayne Washington,Washington,0.949999988079071,4,4500,TB@NO,NO,TB,Q,Hamstring,,,,RB/FLEX
80468-169900,WR,Jared,Jared Bernhardt,Bernhardt,,,4500,ATL@LAR,ATL,LAR,,,,,,WR/FLEX
80468-169901,WR,Tyshaun,Tyshaun James,James,,,4500,ATL@LAR,ATL,LAR,,,,,,WR/FLEX
80468-169908,WR,Dai'Jean,Dai'Jean Dixon,Dixon,,,4500,TB@NO,NO,TB,,,,,,WR/FLEX
80468-55224,RB,Reggie,Reggie Bonnafon,Bonnafon,2.5999999046325684,1,4500,WAS@DET,WAS,DET,,,,,,RB/FLEX
80468-85944,WR,Kyric,Kyric McGowan,McGowan,,,4500,WAS@DET,WAS,DET,,,,,,WR/FLEX
80468-71613,WR,Demetris,Demetris Robertson,Robertson,,,4500,SEA@SF,SEA,SF,,,,,,WR/FLEX
80468-32703,WR,Jakeem,Jakeem Grant Sr.,Grant Sr.,2.2666666666666666,15,4500,NYJ@CLE,CLE,NYJ,IR,Achilles,,,,WR/FLEX
80468-104388,WR,Tom,Tom Kennedy,Kennedy,2.566666603088379,6,4500,WAS@DET,DET,WAS,,,,,,WR/FLEX
80468-88016,WR,Ryan,Ryan McDaniel,McDaniel,,,4500,IND@JAC,JAC,IND,,,,,,WR/FLEX
80468-169937,WR,Lance,Lance McCutcheon,McCutcheon,,,4500,ATL@LAR,LAR,ATL,,,,,,WR/FLEX
80468-71661,WR,Tino,Tino Ellis,Ellis,,,4500,MIA@BAL,MIA,BAL,Q,Undisclosed,,,,WR/FLEX
80468-71662,WR,DJ,DJ Turner,Turner,,,4500,ARI@LV,LV,ARI,IR,Ankle,,,,WR/FLEX
80468-104433,RB,Kyren,Kyren Williams,Williams,,,4500,ATL@LAR,LAR,ATL,IR,Ankle,,,,RB/FLEX
80468-86007,WR,Tre,Tre Turner,Turner,,,4500,ARI@LV,LV,ARI,,,,,,WR/FLEX
80468-63479,RB,John,John Kelly Jr.,Kelly Jr.,1.2999999523162842,1,4500,NYJ@CLE,CLE,NYJ,,,,,,RB/FLEX
80468-88056,WR,Stanley,Stanley Berryhill,Berryhill,,,4500,ATL@LAR,ATL,LAR,,,,,,WR/FLEX
80468-96250,WR,DeVonte,DeVonte Dedmon,Dedmon,,,4500,MIA@BAL,MIA,BAL,,,,,,WR/FLEX
80468-12530,D,Dallas,Dallas Cowboys,Cowboys,5,1,4400,CIN@DAL,DAL,CIN,,,,,,DEF
80468-80294,TE,Anthony,Anthony Firkser,Firkser,1.100000023841858,1,4400,ATL@LAR,ATL,LAR,,,,,,TE/FLEX
80468-64221,TE,Zach,Zach Gentry,Gentry,5,1,4400,NE@PIT,PIT,NE,,,,,,TE/FLEX
80468-56947,TE,Chris,Chris Myarick,Myarick,6.599999904632568,1,4400,CAR@NYG,NYG,CAR,,,,,,TE/FLEX
80468-90307,TE,Daniel,Daniel Bellinger,Bellinger,,,4300,CAR@NYG,NYG,CAR,,,,,,TE/FLEX
80468-12535,D,Indianapolis,Indianapolis Colts,Colts,6,1,4300,IND@JAC,IND,JAC,,,,,,DEF
80468-29411,TE,Pharaoh,Pharaoh Brown,Brown,2.200000047683716,1,4300,HOU@DEN,HOU,DEN,,,,,,TE/FLEX
80468-72705,TE,John,John Bates,Bates,0,1,4300,WAS@DET,WAS,DET,,,,,,TE/FLEX
80468-60712,TE,Foster,Foster Moreau,Moreau,5.407692542442908,13,4300,ARI@LV,LV,ARI,,,,,,TE/FLEX
80468-26038,TE,Tyler,Tyler Kroft,Kroft,1.399999976158142,1,4300,SEA@SF,SF,SEA,,,,,,TE/FLEX
80468-12551,D,Tampa Bay,Tampa Bay Buccaneers,Buccaneers,13,1,4200,TB@NO,TB,NO,,,,,,DEF
80468-12553,D,Carolina,Carolina Panthers,Panthers,1,1,4200,CAR@NYG,CAR,NYG,,,,,,DEF
80468-149832,TE,Shane,Shane Zylstra,Zylstra,2.450000047683716,2,4200,WAS@DET,DET,WAS,,,,,,TE/FLEX
80468-80546,TE,Dan,Dan Arnold,Arnold,5.829999923706055,10,4200,IND@JAC,JAC,IND,,,,,,TE/FLEX
80468-54007,TE,Jacob,Jacob Hollister,Hollister,2.6666666666666665,6,4200,ARI@LV,LV,ARI,Q,Undisclosed,,,,TE/FLEX
80468-58499,TE,Parker,Parker Hesse,Hesse,1,1,4200,ATL@LAR,ATL,LAR,,,,,,TE/FLEX
80468-83138,TE,Ross,Ross Dwelley,Dwelley,1.600000023841858,1,4200,SEA@SF,SF,SEA,,,,,,TE/FLEX
80468-56708,TE,Will,Will Dissly,Dissly,11.800000190734863,1,4200,SEA@SF,SEA,SF,,,,,,TE/FLEX
80468-56711,TE,Drew,Drew Sample,Sample,0.699999988079071,1,4200,CIN@DAL,CIN,DAL,,,,,,TE/FLEX
80468-28080,TE,Devin,Devin Funchess,Funchess,,,4200,WAS@DET,DET,WAS,,,,,,TE/FLEX
80468-89680,TE,Jake,Jake Ferguson,Ferguson,,,4200,CIN@DAL,DAL,CIN,,,,,,TE/FLEX
80468-18009,TE,Chris,Chris Manhertz,Manhertz,2.012500047683716,8,4200,IND@JAC,JAC,IND,,,,,,TE/FLEX
80468-91750,TE,Trey,Trey McBride,McBride,,,4200,ARI@LV,ARI,LV,,,,,,TE/FLEX
80468-91931,TE,Greg,Greg Dulcich,Dulcich,,,4200,HOU@DEN,DEN,HOU,IR,Hamstring,,,,TE/FLEX
80468-69655,TE,Stephen,Stephen Sullivan,Sullivan,0,1,4100,CAR@NYG,CAR,NYG,,,,,,TE/FLEX
80468-79980,TE,Eric,Eric Saubert,Saubert,0,1,4100,HOU@DEN,DEN,HOU,,,,,,TE/FLEX
80468-80011,TE,Antony,Antony Auclair,Auclair,3.299999952316284,4,4100,HOU@DEN,HOU,DEN,Q,Knee,,,,TE/FLEX
80468-63697,TE,Brycen,Brycen Hopkins,Hopkins,4.050000190734863,2,4100,ATL@LAR,LAR,ATL,,,,,,TE/FLEX
80468-12543,D,New York,New York Giants,Giants,4,1,4100,CAR@NYG,NYG,CAR,,,,,,DEF
80468-29277,TE,Stephen,Stephen Anderson,Anderson,2.772727272727273,11,4100,ARI@LV,ARI,LV,,,,,,TE/FLEX
80468-86811,TE,Cade,Cade Otton,Otton,,,4100,TB@NO,TB,NO,,,,,,TE/FLEX
80468-93075,TE,Hunter,Hunter Long,Long,0.4333333174387614,3,4100,MIA@BAL,MIA,BAL,O,Ankle,,,,TE/FLEX
80468-62510,TE,Nick,Nick Boyle,Boyle,0.3499999940395355,2,4100,MIA@BAL,BAL,MIA,,,,,,TE/FLEX
80468-68730,TE,Sean,Sean McKeon,McKeon,2.674999952316284,4,4100,CIN@DAL,DAL,CIN,Q,Ankle,,,,TE/FLEX
80468-87260,TE,Isaiah,Isaiah Likely,Likely,0,1,4100,MIA@BAL,BAL,MIA,,,,,,TE/FLEX
80468-87469,TE,Jelani,Jelani Woods,Woods,,,4100,IND@JAC,IND,JAC,,,,,,TE/FLEX
80468-73176,TE,Luke,Luke Farrell,Farrell,1.1375000476837158,8,4100,IND@JAC,JAC,IND,,,,,,TE/FLEX
80468-89588,TE,Colby,Colby Parkinson,Parkinson,11.300000190734863,1,4100,SEA@SF,SEA,SF,,,,,,TE/FLEX
80468-62998,TE,Jace,Jace Sternberger,Sternberger,,,4100,NE@PIT,PIT,NE,,,,,,TE/FLEX
80468-147049,TE,Drew,Drew Ogletree,Ogletree,,,4100,IND@JAC,IND,JAC,IR,Knee - acl,,,,TE/FLEX
80468-85635,TE,Charlie,Charlie Kolar,Kolar,,,4100,MIA@BAL,BAL,MIA,IR,Sports hernia,,,,TE/FLEX
80468-65182,TE,Mitchell,Mitchell Wilcox,Wilcox,3.0999999046325684,1,4100,CIN@DAL,CIN,DAL,,,,,,TE/FLEX
80468-71351,TE,Charlie,Charlie Woerner,Woerner,1.5399999618530273,5,4100,SEA@SF,SF,SEA,,,,,,TE/FLEX
80468-28346,TE,Maxx,Maxx Williams,Williams,6.659999847412109,5,4100,ARI@LV,ARI,LV,,,,,,TE/FLEX
80468-87815,TE,Jeremy,Jeremy Ruckert,Ruckert,,,4100,NYJ@CLE,NYJ,CLE,,,,,,TE/FLEX
80468-69516,TE,Miller,Miller Forristall,Forristall,,,4100,NYJ@CLE,CLE,NYJ,,,,,,TE/FLEX
80468-28570,TE,Nick,Nick Vannett,Vannett,3.3999998910086497,7,4100,TB@NO,NO,TB,,,,,,TE/FLEX
80468-85986,TE,James,James Mitchell,Mitchell,,,4100,WAS@DET,DET,WAS,,,,,,TE/FLEX
80468-104421,TE,Jesper,Jesper Horsted,Horsted,5.033333460489909,3,4100,ARI@LV,LV,ARI,,,,,,TE/FLEX
80468-57338,TE,Jordan,Jordan Akins,Akins,2.4750000635782876,12,4100,HOU@DEN,HOU,DEN,,,,,,TE/FLEX
80468-28694,TE,Jesse,Jesse James,James,3.924999952316284,4,4000,NYJ@CLE,CLE,NYJ,,,,,,TE/FLEX
80468-55336,TE,Chris,Chris Herndon,Herndon,2.4,5,4000,TB@NO,NO,TB,,,,,,TE/FLEX
80468-69676,TE,Jamal,Jamal Pettigrew,Pettigrew,,,4000,ATL@LAR,LAR,ATL,,,,,,TE/FLEX
80468-69686,TE,Dylan,Dylan Parham,Parham,,,4000,HOU@DEN,DEN,HOU,,,,,,TE/FLEX
80468-86075,TE,Lucas,Lucas Krull,Krull,,,4000,TB@NO,NO,TB,,,,,,TE/FLEX
80468-59455,TE,Sammis,Sammis Reyes,Reyes,,,4000,WAS@DET,WAS,DET,Q,Undisclosed,,,,TE/FLEX
80468-30787,TE,Alex,Alex Ellis,Ellis,,,4000,ARI@LV,ARI,LV,Q,Undisclosed,,,,TE/FLEX
80468-65607,TE,Jacob,Jacob Harris,Harris,,,4000,ATL@LAR,LAR,ATL,,,,,,TE/FLEX
80468-69705,TE,Garrett,Garrett Walston,Walston,,,4000,SEA@SF,SF,SEA,,,,,,TE/FLEX
80468-165962,TE,Nikola,Nikola Kalinic,Kalinic,,,4000,IND@JAC,IND,JAC,,,,,,TE/FLEX
80468-79967,TE,Adam,Adam Shaheen,Shaheen,2.4285714285714284,7,4000,MIA@BAL,MIA,BAL,IR,Knee,,,,TE/FLEX
80468-94345,TE,Cole,Cole Turner,Turner,,,4000,WAS@DET,WAS,DET,,,,,,TE/FLEX
80468-32957,TE,Eric,Eric Tomlinson,Tomlinson,0,1,4000,HOU@DEN,DEN,HOU,,,,,,TE/FLEX
80468-65737,TE,Sam,Sam Tecklenburg,Tecklenburg,,,4000,CAR@NYG,CAR,NYG,,,,,,TE/FLEX
80468-170191,TE,Ben,Ben Beise,Beise,,,4000,TB@NO,TB,NO,,,,,,TE/FLEX
80468-170188,TE,Tanner,Tanner Conner,Conner,,,4000,MIA@BAL,MIA,BAL,,,,,,TE/FLEX
80468-170206,TE,Rodney,Rodney Williams II,Williams II,,,4000,NE@PIT,PIT,NE,,,,,,TE/FLEX
80468-149727,TE,Bernhard,Bernhard Seikovits,Seikovits,,,4000,ARI@LV,ARI,LV,,,,,,TE/FLEX
80468-12539,D,Miami,Miami Dolphins,Dolphins,18,1,4000,MIA@BAL,MIA,BAL,,,,,,DEF
80468-61693,TE,Danny,Danny Pinter,Pinter,6.699999809265137,1,4000,IND@JAC,IND,JAC,,,,,,TE/FLEX
80468-12542,D,New Orleans,New Orleans Saints,Saints,6,1,4000,TB@NO,NO,TB,,,,,,DEF
80468-12552,D,Washington,Washington Commanders,Commanders,4,1,4000,WAS@DET,WAS,DET,,,,,,DEF
80468-170282,TE,JJ,JJ Howland,Howland,,,4000,TB@NO,TB,NO,,,,,,TE/FLEX
80468-65839,TE,Kahale,Kahale Warring,Warring,,,4000,TB@NO,NO,TB,,,,,,TE/FLEX
80468-170290,TE,Andre,Andre Miller,Miller,,,4000,CAR@NYG,NYG,CAR,Q,Wrist,,,,TE/FLEX
80468-55609,TE,Ryan,Ryan Izzo,Izzo,,,4000,CAR@NYG,CAR,NYG,,,,,,TE/FLEX
80468-86359,TE,Jared,Jared Scott,Scott,,,4000,IND@JAC,IND,JAC,,,,,,TE/FLEX
80468-63839,TE,Tyler,Tyler Mabry,Mabry,,,4000,SEA@SF,SEA,SF,,,,,,TE/FLEX
80468-153957,TE,Zaire,Zaire Mitchell-Paden,Mitchell-Paden,,,4000,NYJ@CLE,CLE,NYJ,,,,,,TE/FLEX
80468-90483,TE,Bernhard,Bernhard Raimann,Raimann,,,4000,IND@JAC,IND,JAC,,,,,,TE/FLEX
80468-92530,TE,Cade,Cade Brewer,Brewer,,,4000,SEA@SF,SEA,SF,,,,,,TE/FLEX
80468-70043,TE,Cole,Cole Fotheringham,Fotheringham,,,4000,ARI@LV,LV,ARI,,,,,,TE/FLEX
80468-45472,TE,Garrett,Garrett Griffin,Griffin,2.950000047683716,2,4000,WAS@DET,DET,WAS,,,,,,TE/FLEX
80468-63907,TE,Josh,Josh Oliver,Oliver,1.1100000381469726,10,4000,MIA@BAL,BAL,MIA,,,,,,TE/FLEX
80468-72110,TE,John,John Mitchell,Mitchell,,,4000,SEA@SF,SEA,SF,,,,,,TE/FLEX
80468-47551,TE,Mason,Mason Schreck,Schreck,,,4000,HOU@DEN,HOU,DEN,,,,,,TE/FLEX
80468-31169,TE,Jeremy,Jeremy Sprinkle,Sprinkle,2.299999952316284,2,4000,CIN@DAL,DAL,CIN,Q,Achilles,,,,TE/FLEX
80468-41469,TE,Darrell,Darrell Daniels,Daniels,0.34000000953674314,5,4000,HOU@DEN,HOU,DEN,,,,,,TE/FLEX
80468-64023,TE,Kyle,Kyle Markway,Markway,,,4000,ATL@LAR,LAR,ATL,Q,Undisclosed,,,,TE/FLEX
80468-72246,TE,Nolan,Nolan Givan,Givan,,,4000,WAS@DET,DET,WAS,,,,,,TE/FLEX
80468-68155,TE,Codey,Codey McElroy,McElroy,0.25,2,4000,TB@NO,TB,NO,Q,Foot,,,,TE/FLEX
80468-66155,TE,Michael,Michael Jacobson,Jacobson,,,4000,IND@JAC,IND,JAC,,,,,,TE/FLEX
80468-90778,TE,Derrick,Derrick Deese Jr.,Deese Jr.,,,4000,WAS@DET,DET,WAS,,,,,,TE/FLEX
80468-47788,TE,Deon,Deon Yelder,Yelder,0.5,1,4000,ARI@LV,ARI,LV,,,,,,TE/FLEX
80468-92882,TE,Connor,Connor Heyward,Heyward,,,4000,NE@PIT,PIT,NE,,,,,,TE/FLEX
80468-88816,TE,Peyton,Peyton Hendershot,Hendershot,,,4000,CIN@DAL,DAL,CIN,,,,,,TE/FLEX
80468-90971,TE,Austin,Austin Allen,Allen,,,4000,CAR@NYG,NYG,CAR,,,,,,TE/FLEX
80468-93026,TE,Teagan,Teagan Quitoriano,Quitoriano,,,4000,HOU@DEN,HOU,DEN,IR,Knee,,,,TE/FLEX
80468-64408,TE,Nick,Nick Bowers,Bowers,,,4000,CIN@DAL,CIN,DAL,,,,,,TE/FLEX
80468-89029,TE,Chris,Chris Pierce Jr.,Pierce Jr.,,,4000,ARI@LV,ARI,LV,Q,Undisclosed,,,,TE/FLEX
80468-70604,TE,John,John Raine,Raine,,,4000,ATL@LAR,ATL,LAR,Q,Undisclosed,,,,TE/FLEX
80468-72665,TE,Kenny,Kenny Yeboah,Yeboah,2.299999952316284,2,4000,NYJ@CLE,NYJ,CLE,,,,,,TE/FLEX
80468-54239,TE,Matt,Matt Sokol,Sokol,,,4000,NE@PIT,NE,PIT,,,,,,TE/FLEX
80468-62505,TE,MyCole,MyCole Pruitt,Pruitt,3.772727272727273,11,4000,ATL@LAR,ATL,LAR,,,,,,TE/FLEX
80468-68708,TE,Seth,Seth Green,Green,,,4000,HOU@DEN,HOU,DEN,,,,,,TE/FLEX
80468-68714,TE,Ko,Ko Kieft,Kieft,,,4000,TB@NO,TB,NO,,,,,,TE/FLEX
80468-46200,TE,Daniel,Daniel Brunskill,Brunskill,,,4000,SEA@SF,SF,SEA,O,Hamstring,,,,TE/FLEX
80468-54426,TE,Andrew,Andrew Beck,Beck,6.199999809265137,1,4000,HOU@DEN,DEN,HOU,,,,,,TE/FLEX
80468-93343,TE,Roger,Roger Carter Jr.,Carter Jr.,,,4000,ATL@LAR,LAR,ATL,,,,,,TE/FLEX
80468-83117,TE,Tanner,Tanner Hudson,Hudson,,,4000,CAR@NYG,NYG,CAR,,,,,,TE/FLEX
80468-9409,TE,Clark,Clark Harris,Harris,,,4000,CIN@DAL,CIN,DAL,IR,Biceps,,,,TE/FLEX
80468-70881,TE,Justin,Justin Rigg,Rigg,,,4000,NE@PIT,PIT,NE,,,,,,TE/FLEX
80468-52468,TE,Ethan,Ethan Wolf,Wolf,1.7999999523162842,1,4000,TB@NO,NO,TB,,,,,,TE/FLEX
80468-64762,TE,Nakia,Nakia Griffin-Stewart,Griffin-Stewart,,,4000,NYJ@CLE,CLE,NYJ,,,,,,TE/FLEX
80468-97537,TE,Naz,Naz Bohannon,Bohannon,,,4000,IND@JAC,JAC,IND,,,,,,TE/FLEX
80468-25957,TE,J.P.,J.P. Holtz,Holtz,,,4000,TB@NO,NO,TB,,,,,,TE/FLEX
80468-60788,TE,Nick,Nick Ralston,Ralston,,,4000,CIN@DAL,DAL,CIN,,,,,,TE/FLEX
80468-73089,TE,Devin,Devin Asiasi,Asiasi,,,4000,CIN@DAL,CIN,DAL,Q,Quadriceps,,,,TE/FLEX
80468-71048,TE,Thaddeus,Thaddeus Moss,Moss,,,4000,CIN@DAL,CIN,DAL,,,,,,TE/FLEX
80468-71058,TE,Grayson,Grayson Gunter,Gunter,,,4000,IND@JAC,JAC,IND,,,,,,TE/FLEX
80468-73147,TE,Nick,Nick Eubanks,Eubanks,,,4000,CIN@DAL,CIN,DAL,,,,,,TE/FLEX
80468-114112,TE,Jalen,Jalen Wydermyer,Wydermyer,,,4000,NE@PIT,NE,PIT,,,,,,TE/FLEX
80468-69069,TE,Tony,Tony Poljan,Poljan,,,4000,MIA@BAL,BAL,MIA,,,,,,TE/FLEX
80468-73172,TE,Jake,Jake Hausmann,Hausmann,,,4000,WAS@DET,WAS,DET,,,,,,TE/FLEX
80468-54746,TE,Tyler,Tyler Ott,Ott,,,4000,SEA@SF,SEA,SF,IR,Shoulder,,,,TE/FLEX
80468-103900,TE,Brandon,Brandon Dillon,Dillon,,,4000,TB@NO,NO,TB,,,,,,TE/FLEX
80468-91618,TE,John,John FitzPatrick,FitzPatrick,,,4000,ATL@LAR,ATL,LAR,IR,Undisclosed,,,,TE/FLEX
80468-97771,TE,Marcus,Marcus Santos-Silva,Santos-Silva,,,4000,NYJ@CLE,CLE,NYJ,,,,,,TE/FLEX
80468-89586,TE,Tucker,Tucker Fisk,Fisk,,,4000,ATL@LAR,ATL,LAR,,,,,,TE/FLEX
80468-62981,TE,Eli,Eli Wolf,Wolf,,,4000,WAS@DET,WAS,DET,IR,Undisclosed,,,,TE/FLEX
80468-73266,TE,Dylan,Dylan Soehner,Soehner,,,4000,TB@NO,NO,TB,NA,Undisclosed,,,,TE/FLEX
80468-46644,TE,Paul,Paul Quessenberry,Quessenberry,,,4000,HOU@DEN,HOU,DEN,,,,,,TE/FLEX
80468-60981,TE,Charlie,Charlie Heck,Heck,,,4000,HOU@DEN,HOU,DEN,,,,,,TE/FLEX
80468-30272,TE,Colin,Colin Thompson,Thompson,0,1,4000,CAR@NYG,CAR,NYG,Q,Calf,,,,TE/FLEX
80468-104019,TE,Matt,Matt Orzech,Orzech,0,1,4000,ATL@LAR,LAR,ATL,Q,Calf,,,,TE/FLEX
80468-89814,TE,Gerrit,Gerrit Prince,Prince,,,4000,IND@JAC,JAC,IND,,,,,,TE/FLEX
80468-38636,TE,Bug,Bug Howard,Howard,,,4000,TB@NO,TB,NO,Q,Undisclosed,,,,TE/FLEX
80468-85759,TE,Curtis,Curtis Hodges,Hodges,,,4000,WAS@DET,WAS,DET,IR,Thigh,,,,TE/FLEX
80468-40746,TE,Troy,Troy Fumagalli,Fumagalli,,,4000,SEA@SF,SF,SEA,,,,,,TE/FLEX
80468-55099,TE,Ian,Ian Bunting,Bunting,,,4000,CIN@DAL,DAL,CIN,IR,Neck,,,,TE/FLEX
80468-38722,TE,Cethan,Cethan Carter,Carter,1.2999999523162842,2,4000,MIA@BAL,MIA,BAL,O,Concussion,,,,TE/FLEX
80468-63321,TE,Rashod,Rashod Berry,Berry,,,4000,IND@JAC,JAC,IND,,,,,,TE/FLEX
80468-169853,TE,Josh,Josh Babicz,Babicz,,,4000,CAR@NYG,CAR,NYG,,,,,,TE/FLEX
80468-92056,TE,Cal,Cal Adomitis,Adomitis,,,4000,CIN@DAL,CIN,DAL,,,,,,TE/FLEX
80468-65477,TE,Giovanni,Giovanni Ricci,Ricci,0,2,4000,CAR@NYG,CAR,NYG,,,,,,TE/FLEX
80468-112601,TE,Travis,Travis Koontz,Koontz,,,4000,ARI@LV,LV,ARI,,,,,,TE/FLEX
80468-12528,D,Cincinnati,Cincinnati Bengals,Bengals,2,1,3900,CIN@DAL,CIN,DAL,,,,,,DEF
80468-12537,D,Las Vegas,Las Vegas Raiders,Raiders,0,1,3800,ARI@LV,LV,ARI,,,,,,DEF
80468-12541,D,New England,New England Patriots,Patriots,4,1,3700,NE@PIT,NE,PIT,,,,,,DEF
80468-12546,D,Arizona,Arizona Cardinals,Cardinals,-2,1,3600,ARI@LV,ARI,LV,,,,,,DEF
80468-12532,D,Detroit,Detroit Lions,Lions,0,1,3500,WAS@DET,DET,WAS,,,,,,DEF
80468-12544,D,New York,New York Jets,Jets,4,1,3400,NYJ@CLE,NYJ,CLE,,,,,,DEF
80468-12556,D,Houston,Houston Texans,Texans,7,1,3300,HOU@DEN,HOU,DEN,,,,,,DEF
80468-12525,D,Atlanta,Atlanta Falcons,Falcons,6,1,3200,ATL@LAR,ATL,LAR,,,,,,DEF
80468-12550,D,Seattle,Seattle Seahawks,Seahawks,7,1,3100,SEA@SF,SEA,SF,,,,,,DEF
80468-12554,D,Jacksonville,Jacksonville Jaguars,Jaguars,6,1,3000,IND@JAC,JAC,IND,,,,,,DEF